case_id,step_idx,failure_type,decision_time,csv_delay_time,actual_incremental_delay,applied_nores_delay,delay_source,human_time_mode,delay_extra_total,simulated_duration_after_event,nores_makespan,dynamic_makespan_after_event,nores_minus_dynamic,target_task,t1,t2,earlier_task,later_task,order_base_duration,order_required_task_actual_duration,order_wrong_first_task_actual_duration,order_later_standard_duration,order_compensation_upper,released_previous_delay,observed_order_extra_delay
20260616_163957,1,delay,14.85866117,2.9619,2.97,2.97,human_delay_task_uses_real_observed_duration,standard,,8.89,76.6796,76.77,-0.0904,5,,,,,,,,,,,
20260616_163957,2,delay,28.0503931,2.9619,2.97,2.97,human_delay_task_uses_real_observed_duration,standard,,8.89,78.0858,77.03,1.0558,9,,,,,,,,,,,
20260616_163957,3,order,32.83681321,0,0,3.39,order_wrong_first_actual_plus_fixed_3.39_on_earlier_task,standard,,,79.6918,75.39,4.3018,10,10,12,10,12,3.28,3.594,3.28,3.4638,3.39,0.18,0
20260616_163957,4,delay,36.47433209,1.797,1.8,1.8,human_delay_task_uses_real_observed_duration,standard,,5.39,78.4118,77.19,1.2218,10,,,,,,,,,,,
20260616_163957,5,delay,55.80129027,1.7319,1.74,1.74,human_delay_task_uses_real_observed_duration,standard,,5.2,80.148,74.26,5.888,18,,,,,,,,,,,
20260616_163957,6,order,56.86360765,0,0.94,3.39,order_wrong_first_actual_plus_fixed_3.39_on_earlier_task,standard,,,82.868,73.46,9.408,18,18,19,18,19,4.53,3.46,4.53,3.594,3.39,1.74,0.94
20260616_163957,7,order,67.5703814,0,0,3.39,order_wrong_first_actual_plus_fixed_3.39_on_earlier_task,standard,,,85.6888,71.19,14.4988,22,22,23,22,23,3.05,3.6192,3.05,3.594,3.39,0.54,0
20260616_163957,8,delay,71.20373511,1.8096,1.81,1.81,human_delay_task_uses_real_observed_duration,standard,,5.43,84.6788,73,11.6788,22,,,,,,,,,,,
20260616_163957,9,delay,73.05570626,3.6192,3.62,3.62,human_delay_task_uses_real_observed_duration,standard,,9.05,88.2988,76.62,11.6788,22,,,,,,,,,,,
20260616_165213,1,delay,16.38407826,1.797,1.8,1.8,human_delay_task_uses_real_observed_duration,standard,,5.39,75.9094,73.55,2.3594,8,,,,,,,,,,,
20260616_165213,2,delay,18.20121956,3.594,3.6,3.6,human_delay_task_uses_real_observed_duration,standard,,8.99,79.5094,77.14,2.3694,8,,,,,,,,,,,
20260616_165213,3,order,20.06559587,0,3.86,3.39,order_wrong_first_actual_plus_fixed_3.39_on_earlier_task,standard,,,81.2294,75.6,5.6294,8,8,6,8,6,7.32,3.59,7.32,3.4638,3.39,5.4,3.86
20260616_165213,4,order,28.87502646,0,0,3.39,order_wrong_first_actual_plus_fixed_3.39_on_earlier_task,standard,,,83.2454,71.43,11.8154,10,10,12,10,12,2.22,3.594,2.22,3.4638,3.39,1.24,0
20260616_165213,5,delay,41.34374404,1.79,1.79,1.79,human_delay_task_uses_real_observed_duration,standard,,5.37,85.0354,72.49,12.5454,14,,,,,,,,,,,
20260616_165213,6,order,51.9700067,0,0,3.39,order_wrong_first_actual_plus_fixed_3.39_on_earlier_task,standard,,,87.9016,68.57,19.3316,18,18,19,18,19,3.04,3.4638,3.04,3.594,3.39,0.55,0
20260616_165213,7,delay,55.43666863,1.7319,1.74,1.74,human_delay_task_uses_real_observed_duration,standard,,5.2,86.6716,70.3,16.3716,18,,,,,,,,,,,
20260616_165213,8,delay,62.2712574,2.9619,2.97,2.97,human_delay_task_uses_real_observed_duration,standard,,8.89,89.6378,72.36,17.2778,21,,,,,,,,,,,
20260616_165213,9,delay,67.27286363,1.8096,1.81,1.81,human_delay_task_uses_real_observed_duration,standard,,5.43,89.8286,72.64,17.1886,22,,,,,,,,,,,
20260616_165213,10,delay,72.49633455,1.797,1.8,1.8,human_delay_task_uses_real_observed_duration,standard,,5.39,91.3346,74.21,17.1246,23,,,,,,,,,,,
20260617_161127,1,delay,17.06050491,1.797,1.8,1.8,human_delay_task_uses_real_observed_duration,standard,,5.39,75.2694,74.25,1.0194,8,,,,,,,,,,,
20260617_161127,2,order,17.69330406,0,0.78,3.39,order_wrong_first_actual_plus_fixed_3.39_on_earlier_task,standard,,,77.5094,73.23,4.2794,8,8,6,8,6,4.24,3.59,4.24,3.4638,3.39,1.8,0.78
20260617_161127,3,delay,29.5310986,1.7319,1.74,1.74,human_delay_task_uses_real_observed_duration,standard,,5.2,79.2456,73.81,5.4356,12,,,,,,,,,,,
20260617_161127,4,delay,31.2549665,3.4638,3.46,3.46,human_delay_task_uses_real_observed_duration,standard,,8.66,82.7056,77.27,5.4356,12,,,,,,,,,,,
20260617_161127,5,order,33.82336855,0,4.18,3.39,order_wrong_first_actual_plus_fixed_3.39_on_earlier_task,standard,,,80.7654,76.25,4.5154,10,12,10,10,12,3.46,3.594,3.46,3.4638,3.39,5.2,4.18
20260617_161127,6,delay,47.69979,1.79,1.79,1.79,human_delay_task_uses_real_observed_duration,standard,,5.37,82.5554,75.56,6.9954,14,,,,,,,,,,,
20260617_161127,7,delay,56.86510372,1.7319,1.74,1.74,human_delay_task_uses_real_observed_duration,standard,,5.2,83.1516,75.31,7.8416,18,,,,,,,,,,,
20260617_161127,8,delay,58.63023138,3.4638,3.46,3.46,human_delay_task_uses_real_observed_duration,standard,,8.66,86.6116,78.78,7.8316,18,,,,,,,,,,,
20260617_161127,9,delay,63.1844945,1.797,1.8,1.8,human_delay_task_uses_real_observed_duration,standard,,5.39,85.8676,78.07,7.7976,19,,,,,,,,,,,
20260617_161127,10,delay,64.96764374,3.594,3.59,3.59,human_delay_task_uses_real_observed_duration,standard,,8.98,89.4576,81.66,7.7976,19,,,,,,,,,,,
20260617_161127,11,delay,68.59298873,7.188,7.19,7.19,human_delay_task_uses_real_observed_duration,standard,,16.17,96.6476,88.85,7.7976,19,,,,,,,,,,,
20260617_161127,12,delay,75.27417135,2.9619,2.97,2.97,human_delay_task_uses_real_observed_duration,standard,,8.89,93.1438,85.41,7.7338,21,,,,,,,,,,,
20260617_161127,13,delay,78.20522141,5.9238,5.92,5.92,human_delay_task_uses_real_observed_duration,standard,,14.81,99.0638,91.33,7.7338,21,,,,,,,,,,,
20260617_161127,14,delay,84.15811777,11.8476,11.85,11.85,human_delay_task_uses_real_observed_duration,standard,,26.66,110.9138,103.18,7.7338,21,,,,,,,,,,,
20260617_161127,15,delay,88.99324441,1.797,1.8,1.8,human_delay_task_uses_real_observed_duration,standard,,5.39,102.0698,94.37,7.6998,23,,,,,,,,,,,
20260617_161833,1,order,16.97418499,0,0,3.39,order_wrong_first_actual_plus_fixed_3.39_on_earlier_task,standard,,,77.2496,72.38,4.8696,6,6,8,6,8,3.2,3.4638,3.2,3.594,3.39,0.39,0
20260617_161833,2,delay,27.65761161,1.797,1.8,1.8,human_delay_task_uses_real_observed_duration,standard,,5.39,79.0456,71.83,7.2156,10,,,,,,,,,,,
20260617_161833,3,delay,29.43282485,3.594,3.59,3.59,human_delay_task_uses_real_observed_duration,standard,,8.98,82.6356,75.43,7.2056,10,,,,,,,,,,,
20260617_161833,4,delay,33.04237652,7.188,7.19,7.19,human_delay_task_uses_real_observed_duration,standard,,16.17,89.8256,80.28,9.5456,10,,,,,,,,,,,
20260617_162610,1,delay,17.85397887,1.797,1.8,1.8,human_delay_task_uses_real_observed_duration,standard,,5.39,75.6994,74.98,0.7194,8,,,,,,,,,,,
20260617_162610,2,order,18.65743828,0,1.01,3.39,order_wrong_first_actual_plus_fixed_3.39_on_earlier_task,standard,,,78.1694,74.19,3.9794,8,8,6,8,6,4.47,3.59,4.47,3.4638,3.39,1.8,1.01
20260617_162610,3,delay,30.43992329,1.797,1.8,1.8,human_delay_task_uses_real_observed_duration,standard,,5.39,79.9654,74.65,5.3154,10,,,,,,,,,,,
20260617_162610,4,order,31.89905,0,1.6,3.39,order_wrong_first_actual_plus_fixed_3.39_on_earlier_task,standard,,,83.0254,74.45,8.5754,10,10,12,10,12,5.06,3.59,5.06,3.4638,3.39,1.8,1.6
20260617_162610,5,delay,42.73430181,1.79,1.79,1.79,human_delay_task_uses_real_observed_duration,standard,,5.37,84.8154,73.96,10.8554,14,,,,,,,,,,,
20260617_162610,6,delay,47.23783088,1.6689,1.67,1.67,human_delay_task_uses_real_observed_duration,standard,,5.01,85.8076,74.99,10.8176,15,,,,,,,,,,,
20260617_162610,7,delay,56.85954428,1.7319,1.74,1.74,human_delay_task_uses_real_observed_duration,standard,,5.2,87.1238,75.3,11.8238,18,,,,,,,,,,,
20260617_162610,8,delay,58.60352039,3.4638,3.46,3.46,human_delay_task_uses_real_observed_duration,standard,,8.66,90.5838,78.76,11.8238,18,,,,,,,,,,,
20260617_162610,9,delay,62.04992747,6.9276,6.93,6.93,human_delay_task_uses_real_observed_duration,standard,,15.59,97.5138,83.04,14.4738,18,,,,,,,,,,,
20260617_162610,10,delay,69.01246309,6.9276,6.92,6.92,human_delay_task_uses_real_observed_duration,standard,,22.51,104.4338,89.02,15.4138,18,,,,,,,,,,,
20260617_162610,11,delay,79.49342418,1.797,1.8,1.8,human_delay_task_uses_real_observed_duration,standard,,5.39,100.9898,84.9,16.0898,23,,,,,,,,,,,
20260617_163225,1,delay,7.63457036,1.8096,1.81,1.81,human_delay_task_uses_real_observed_duration,standard,,5.43,74.3464,74.31,0.0364,3,,,,,,,,,,,
20260617_163225,2,delay,17.77518058,1.797,1.8,1.8,human_delay_task_uses_real_observed_duration,standard,,5.39,75.6994,74.92,0.7794,8,,,,,,,,,,,
20260617_163225,3,delay,19.55092263,3.594,3.6,3.6,human_delay_task_uses_real_observed_duration,standard,,8.99,79.2994,78.52,0.7794,8,,,,,,,,,,,
20260617_163225,4,delay,23.15318274,7.188,7.18,7.18,human_delay_task_uses_real_observed_duration,standard,,16.17,86.4794,83.37,3.1094,8,,,,,,,,,,,
20260617_163225,5,delay,41.15216231,1.797,1.8,1.8,human_delay_task_uses_real_observed_duration,standard,,5.39,84.6054,85.37,-0.7646,10,,,,,,,,,,,
20260617_163225,6,delay,42.96736336,3.594,3.59,3.59,human_delay_task_uses_real_observed_duration,standard,,8.98,88.1954,88.96,-0.7646,10,,,,,,,,,,,
20260617_163225,7,delay,54.19321752,1.6689,1.67,1.67,human_delay_task_uses_real_observed_duration,standard,,5.01,86.9776,85.53,1.4476,15,,,,,,,,,,,
20260617_163225,8,order,54.8352015,0,0.43,3.39,order_wrong_first_actual_plus_fixed_3.39_on_earlier_task,standard,,,89.3676,84.29,5.0776,15,15,14,15,14,4.01,3.34,4.01,3.58,3.39,1.67,0.43
20260617_163225,9,delay,67.79909563,1.7319,1.74,1.74,human_delay_task_uses_real_observed_duration,standard,,5.2,91.1038,86.24,4.8638,18,,,,,,,,,,,
20260617_163225,10,delay,81.09885883,1.8096,1.81,1.81,human_delay_task_uses_real_observed_duration,standard,,5.43,92.5546,86.47,6.0846,22,,,,,,,,,,,
20260617_163852,1,delay,27.07029176,1.797,1.8,1.8,human_delay_task_uses_real_observed_duration,standard,,5.39,75.8094,71.25,4.5594,10,,,,,,,,,,,
20260617_163852,2,delay,28.85311818,3.594,3.59,3.59,human_delay_task_uses_real_observed_duration,standard,,8.98,79.3994,74.84,4.5594,10,,,,,,,,,,,
20260617_163852,3,delay,32.45410061,7.188,7.19,7.19,human_delay_task_uses_real_observed_duration,standard,,16.17,86.5894,79.69,6.8994,10,,,,,,,,,,,
20260617_163852,4,delay,60.32554054,1.7319,1.74,1.74,human_delay_task_uses_real_observed_duration,standard,,5.2,84.3456,78.78,5.5656,18,,,,,,,,,,,
20260617_163852,5,delay,62.0698452,3.4638,3.46,3.46,human_delay_task_uses_real_observed_duration,standard,,8.66,87.8056,82.24,5.5656,18,,,,,,,,,,,
20260617_163852,6,delay,65.56121373,6.9276,6.93,6.93,human_delay_task_uses_real_observed_duration,standard,,15.59,94.7356,86.55,8.1856,18,,,,,,,,,,,
20260617_163852,7,delay,82.59289956,1.8096,1.81,1.81,human_delay_task_uses_real_observed_duration,standard,,5.43,92.5164,87.99,4.5264,22,,,,,,,,,,,
20260617_164554,1,delay,30.57207632,1.7319,1.74,1.74,human_delay_task_uses_real_observed_duration,standard,,5.2,75.2896,71.26,4.0296,12,,,,,,,,,,,
20260617_164554,2,delay,49.31140614,1.7319,1.74,1.74,human_delay_task_uses_real_observed_duration,standard,,5.2,75.9658,67.77,8.1958,18,,,,,,,,,,,
20260617_164554,3,delay,51.12512445,3.4638,3.46,3.46,human_delay_task_uses_real_observed_duration,standard,,8.66,79.4258,71.23,8.1958,18,,,,,,,,,,,
20260617_164554,4,delay,64.8748064,1.8096,1.81,1.81,human_delay_task_uses_real_observed_duration,standard,,5.43,81.2666,70.23,11.0366,22,,,,,,,,,,,
20260617_165310,1,delay,17.08256865,1.7319,1.74,1.74,human_delay_task_uses_real_observed_duration,standard,,5.2,75.6996,74.28,1.4196,6,,,,,,,,,,,
20260617_165310,2,delay,30.65257788,1.797,1.8,1.8,human_delay_task_uses_real_observed_duration,standard,,5.39,76.5656,71.37,5.1956,10,,,,,,,,,,,
20260617_165310,3,delay,54.91811442,1.797,1.8,1.8,human_delay_task_uses_real_observed_duration,standard,,5.39,77.9916,69.73,8.2616,19,,,,,,,,,,,
20260617_170056,1,delay,16.84511256,1.7319,1.74,1.74,human_delay_task_uses_real_observed_duration,standard,,5.2,75.3596,74.08,1.2796,6,,,,,,,,,,,
20260617_170056,2,delay,51.57714939,1.7319,1.74,1.74,human_delay_task_uses_real_observed_duration,standard,,5.2,76.8958,70.02,6.8758,18,,,,,,,,,,,
20260617_170735,1,delay,16.50777555,1.7319,1.74,1.74,human_delay_task_uses_real_observed_duration,standard,,5.2,75.5296,73.77,1.7596,6,,,,,,,,,,,
20260617_170735,2,delay,52.25012922,1.7319,1.74,1.74,human_delay_task_uses_real_observed_duration,standard,,5.2,76.1858,70.58,5.6058,18,,,,,,,,,,,
20260617_170735,3,delay,53.92673135,3.4638,3.46,3.46,human_delay_task_uses_real_observed_duration,standard,,8.66,79.6458,74.04,5.6058,18,,,,,,,,,,,
20260617_170735,4,order,55.28527474,0,3.04,3.39,order_wrong_first_actual_plus_fixed_3.39_on_earlier_task,standard,,,81.0058,71.89,9.1158,18,18,19,18,19,6.63,3.46,6.63,3.594,3.39,5.2,3.04
20260617_170735,5,delay,58.76830029,6.9276,6.93,6.93,human_delay_task_uses_real_observed_duration,standard,,10.39,81.3758,78.81,2.5658,18,,,,,,,,,,,
20260617_214847,1,delay,4.052881241,1.9965,2,2,human_delay_task_uses_real_observed_duration,standard,,5.99,74.5326,74.53,0.0026,2,,,,,,,,,,,
20260617_214847,2,delay,8.634411812,1.8096,1.81,1.81,human_delay_task_uses_real_observed_duration,standard,,5.43,75.3334,75.36,-0.0266,3,,,,,,,,,,,
20260617_214847,3,delay,10.45469999,3.6192,3.62,3.62,human_delay_task_uses_real_observed_duration,standard,,9.05,78.9534,78.98,-0.0266,3,,,,,,,,,,,
20260617_214847,4,delay,20.96221566,1.797,1.8,1.8,human_delay_task_uses_real_observed_duration,standard,,5.39,78.3694,78.11,0.2594,8,,,,,,,,,,,
20260617_214847,5,delay,25.79421568,1.7319,1.74,1.74,human_delay_task_uses_real_observed_duration,standard,,5.2,79.6756,79.44,0.2356,6,,,,,,,,,,,
20260617_214847,6,delay,27.51474023,3.4638,3.46,3.46,human_delay_task_uses_real_observed_duration,standard,,8.66,83.1356,82.9,0.2356,6,,,,,,,,,,,
20260617_214847,7,delay,31.01919651,6.9276,6.93,6.93,human_delay_task_uses_real_observed_duration,standard,,15.59,90.0656,89.83,0.2356,6,,,,,,,,,,,
20260617_214847,8,delay,43.10073733,1.797,1.8,1.8,human_delay_task_uses_real_observed_duration,standard,,5.39,88.0316,87.28,0.7516,10,,,,,,,,,,,
20260617_214847,9,delay,44.85478878,3.594,3.59,3.59,human_delay_task_uses_real_observed_duration,standard,,8.98,91.6216,90.87,0.7516,10,,,,,,,,,,,
20260617_214847,10,delay,57.02709579,1.79,1.79,1.79,human_delay_task_uses_real_observed_duration,standard,,5.37,90.8316,88.23,2.6016,14,,,,,,,,,,,
20260617_214847,11,delay,58.79618096,3.58,3.58,3.58,human_delay_task_uses_real_observed_duration,standard,,8.95,94.4116,91.81,2.6016,14,,,,,,,,,,,
20260617_214847,12,order,59.41681576,0,2.67,3.39,order_wrong_first_actual_plus_fixed_3.39_on_earlier_task,standard,,,92.6738,89.12,3.5538,15,14,15,15,14,3.58,3.3378,3.58,3.58,3.39,5.37,2.67
20260617_214847,13,delay,68.64382172,2.9619,2.97,2.97,human_delay_task_uses_real_observed_duration,standard,,8.89,95.64,91.76,3.88,17,,,,,,,,,,,
20260617_214847,14,delay,73.36395144,1.7319,1.74,1.74,human_delay_task_uses_real_observed_duration,standard,,5.2,95.6562,91.8,3.8562,18,,,,,,,,,,,
20260617_214847,15,delay,75.10630941,3.4638,3.46,3.46,human_delay_task_uses_real_observed_duration,standard,,8.66,99.1162,95.26,3.8562,18,,,,,,,,,,,
20260617_214847,16,order,75.70554137,0,2.24,3.39,order_wrong_first_actual_plus_fixed_3.39_on_earlier_task,standard,,,99.6762,92.31,7.3662,18,18,19,18,19,5.83,3.46,5.83,3.594,3.39,5.2,2.24
20260617_214847,17,delay,85.41304064,1.8096,1.81,1.81,human_delay_task_uses_real_observed_duration,standard,,5.43,101.487,90.81,10.677,22,,,,,,,,,,,
20260617_214847,18,delay,87.23820114,3.6192,3.62,3.62,human_delay_task_uses_real_observed_duration,standard,,9.05,105.107,94.42,10.687,22,,,,,,,,,,,
20260617_214847,19,order,88.16107082,0,2.79,3.39,order_wrong_first_actual_plus_fixed_3.39_on_earlier_task,standard,,,105.827,91.78,14.047,22,22,23,22,23,6.38,3.62,6.38,3.594,3.39,5.43,2.79
20260617_214847,20,delay,91.80923676,7.2384,7.24,7.24,human_delay_task_uses_real_observed_duration,standard,,10.86,106.917,99.02,7.897,22,,,,,,,,,,,
20260617_215539,1,delay,4.04006505,1.9965,2,2,human_delay_task_uses_real_observed_duration,standard,,5.99,74.5326,74.53,0.0026,2,,,,,,,,,,,
20260617_215539,2,delay,5.995146751,3.993,3.99,3.99,human_delay_task_uses_real_observed_duration,standard,,9.98,78.5226,78.53,-0.0074,2,,,,,,,,,,,
20260617_215539,3,delay,10.01536512,7.986,7.99,7.99,human_delay_task_uses_real_observed_duration,standard,,17.97,86.5126,83.17,3.3426,2,,,,,,,,,,,
20260617_215539,4,delay,24.748137,2.9619,2.97,2.97,human_delay_task_uses_real_observed_duration,standard,,8.89,82.1688,86.66,-4.4912,5,,,,,,,,,,,
20260617_215539,5,delay,30.39014053,1.7319,1.74,1.74,human_delay_task_uses_real_observed_duration,standard,,5.2,83.135,87.65,-4.515,6,,,,,,,,,,,
20260617_215539,6,delay,32.121562,3.4638,3.46,3.46,human_delay_task_uses_real_observed_duration,standard,,8.66,86.595,91.12,-4.525,6,,,,,,,,,,,
20260617_215539,7,delay,35.61985326,6.9276,6.93,6.93,human_delay_task_uses_real_observed_duration,standard,,15.59,93.525,95.42,-1.895,6,,,,,,,,,,,
20260617_215539,8,delay,53.53815961,1.797,1.8,1.8,human_delay_task_uses_real_observed_duration,standard,,5.39,92.301,97.71,-5.409,10,,,,,,,,,,,
20260617_215539,9,delay,55.30430174,3.594,3.59,3.59,human_delay_task_uses_real_observed_duration,standard,,8.98,95.891,101.31,-5.419,10,,,,,,,,,,,
20260617_215539,10,delay,61.26248932,1.7319,1.74,1.74,human_delay_task_uses_real_observed_duration,standard,,5.2,96.5072,101.95,-5.4428,12,,,,,,,,,,,
20260617_215539,11,delay,63.00668216,3.4638,3.46,3.46,human_delay_task_uses_real_observed_duration,standard,,8.66,99.9672,105.42,-5.4528,12,,,,,,,,,,,
20260617_215539,12,delay,70.57492399,2.9619,2.97,2.97,human_delay_task_uses_real_observed_duration,standard,,8.89,101.0234,106.53,-5.5066,13,,,,,,,,,,,
20260617_215539,13,delay,75.26061416,1.6689,1.67,1.67,human_delay_task_uses_real_observed_duration,standard,,5.01,101.0456,106.59,-5.5444,15,,,,,,,,,,,
20260617_215539,14,delay,76.93329239,3.3378,3.33,3.33,human_delay_task_uses_real_observed_duration,standard,,8.34,104.3756,109.93,-5.5544,15,,,,,,,,,,,
20260617_215539,15,delay,83.59639883,1.79,1.79,1.79,human_delay_task_uses_real_observed_duration,standard,,5.37,105.8856,111.45,-5.5644,14,,,,,,,,,,,
20260617_215539,16,delay,85.3381989,3.58,3.58,3.58,human_delay_task_uses_real_observed_duration,standard,,8.95,109.4656,115.03,-5.5644,14,,,,,,,,,,,
20260617_215539,17,delay,88.9686296,7.16,7.16,7.16,human_delay_task_uses_real_observed_duration,standard,,16.11,116.6256,122.19,-5.5644,14,,,,,,,,,,,
20260617_215539,18,delay,101.1350377,1.7319,1.74,1.74,human_delay_task_uses_real_observed_duration,standard,,5.2,115.7418,119.6,-3.8582,18,,,,,,,,,,,
20260617_215539,19,delay,102.8676288,3.4638,3.46,3.46,human_delay_task_uses_real_observed_duration,standard,,8.66,119.2018,123.06,-3.8582,18,,,,,,,,,,,
20260617_215539,20,delay,106.3830647,6.9276,6.93,6.93,human_delay_task_uses_real_observed_duration,standard,,15.59,126.1318,127.52,-1.3882,18,,,,,,,,,,,
20260617_215539,21,delay,113.291276,6.9276,6.92,6.92,human_delay_task_uses_real_observed_duration,standard,,22.51,133.0518,133.32,-0.2682,18,,,,,,,,,,,
20260617_215539,22,delay,120.2037108,6.9276,6.93,6.93,human_delay_task_uses_real_observed_duration,standard,,29.44,139.9818,140.25,-0.2682,18,,,,,,,,,,,
20260617_215539,23,delay,127.7336714,2.9619,2.97,2.97,human_delay_task_uses_real_observed_duration,standard,,8.89,137.588,137.9,-0.312,21,,,,,,,,,,,
20260617_215539,24,delay,132.7835448,1.797,1.8,1.8,human_delay_task_uses_real_observed_duration,standard,,5.39,137.844,138.18,-0.336,23,,,,,,,,,,,
20260617_215539,25,delay,134.5897374,3.594,3.59,3.59,human_delay_task_uses_real_observed_duration,standard,,8.98,141.434,141.78,-0.346,23,,,,,,,,,,,
20260617_215539,26,delay,138.1881447,7.188,7.19,7.19,human_delay_task_uses_real_observed_duration,standard,,16.17,148.624,147.03,1.594,23,,,,,,,,,,,
20260617_220342,1,delay,4.00221324,1.9965,2,2,human_delay_task_uses_real_observed_duration,standard,,5.99,74.5326,74.53,0.0026,2,,,,,,,,,,,
20260617_220342,2,delay,6.022475719,3.993,3.99,3.99,human_delay_task_uses_real_observed_duration,standard,,9.98,78.5226,78.53,-0.0074,2,,,,,,,,,,,
20260617_220342,3,delay,10.01396775,7.986,7.99,7.99,human_delay_task_uses_real_observed_duration,standard,,17.97,86.5126,83.17,3.3426,2,,,,,,,,,,,
20260617_220342,4,delay,17.98509264,7.986,7.98,7.98,human_delay_task_uses_real_observed_duration,standard,,25.95,94.4926,90.88,3.6126,2,,,,,,,,,,,
20260617_220342,5,delay,30.82852626,2.9619,2.97,2.97,human_delay_task_uses_real_observed_duration,standard,,8.89,96.3188,92.76,3.5588,5,,,,,,,,,,,
20260617_220342,6,delay,39.05938959,1.7319,1.74,1.74,human_delay_task_uses_real_observed_duration,standard,,5.2,96.495,92.68,3.815,6,,,,,,,,,,,
20260617_220342,7,delay,40.78261828,3.4638,3.46,3.46,human_delay_task_uses_real_observed_duration,standard,,8.66,99.955,96.14,3.815,6,,,,,,,,,,,
20260617_220342,8,delay,44.24159312,6.9276,6.93,6.93,human_delay_task_uses_real_observed_duration,standard,,15.59,106.885,103.07,3.815,6,,,,,,,,,,,
20260617_220342,9,delay,51.15278792,6.9276,6.92,6.92,human_delay_task_uses_real_observed_duration,standard,,22.51,113.805,110,3.805,6,,,,,,,,,,,
20260617_220342,10,delay,58.30924201,2.9619,2.97,2.97,human_delay_task_uses_real_observed_duration,standard,,8.89,111.0012,107.26,3.7412,9,,,,,,,,,,,
20260617_220342,11,delay,61.25921941,5.9238,5.92,5.92,human_delay_task_uses_real_observed_duration,standard,,14.81,116.9212,113.19,3.7312,9,,,,,,,,,,,
20260617_220342,12,delay,67.18587661,11.8476,11.85,11.85,human_delay_task_uses_real_observed_duration,standard,,26.66,128.7712,125.03,3.7412,9,,,,,,,,,,,
20260617_220342,13,delay,79.05944252,11.8476,11.84,11.84,human_delay_task_uses_real_observed_duration,standard,,38.5,140.6112,136.88,3.7312,9,,,,,,,,,,,
20260617_220342,14,delay,89.65585709,1.7319,1.74,1.74,human_delay_task_uses_real_observed_duration,standard,,5.2,137.6074,133.9,3.7074,12,,,,,,,,,,,
20260617_220342,15,delay,91.40688586,3.4638,3.46,3.46,human_delay_task_uses_real_observed_duration,standard,,8.66,141.0674,137.36,3.7074,12,,,,,,,,,,,
20260617_220342,16,delay,95.77297711,1.797,1.8,1.8,human_delay_task_uses_real_observed_duration,standard,,5.39,140.1234,136.46,3.6634,10,,,,,,,,,,,
20260617_220342,17,delay,105.0201857,1.6689,1.67,1.67,human_delay_task_uses_real_observed_duration,standard,,5.01,140.7256,136.37,4.3556,15,,,,,,,,,,,
20260617_220342,18,delay,109.2699099,1.79,1.79,1.79,human_delay_task_uses_real_observed_duration,standard,,5.37,141.4956,137.17,4.3256,14,,,,,,,,,,,
20260617_220342,19,delay,111.1088207,3.58,3.58,3.58,human_delay_task_uses_real_observed_duration,standard,,8.95,145.0756,140.75,4.3256,14,,,,,,,,,,,
20260617_220342,20,delay,114.6675246,7.16,7.16,7.16,human_delay_task_uses_real_observed_duration,standard,,16.11,152.2356,147.91,4.3256,14,,,,,,,,,,,
20260617_220342,21,delay,121.8112147,7.16,7.16,7.16,human_delay_task_uses_real_observed_duration,standard,,23.27,159.3956,155.07,4.3256,14,,,,,,,,,,,
20260617_220342,22,delay,129.0111046,7.16,7.16,7.16,human_delay_task_uses_real_observed_duration,standard,,30.43,166.5556,162.23,4.3256,14,,,,,,,,,,,
20260617_220342,23,delay,136.1737852,7.16,7.16,7.16,human_delay_task_uses_real_observed_duration,standard,,37.59,173.7156,169.39,4.3256,14,,,,,,,,,,,
20260617_220342,24,delay,143.3611586,2.9619,2.97,2.97,human_delay_task_uses_real_observed_duration,standard,,8.89,170.7618,166.5,4.2618,17,,,,,,,,,,,
20260617_220342,25,delay,148.1095936,1.7319,1.74,1.74,human_delay_task_uses_real_observed_duration,standard,,5.2,170.778,166.55,4.228,18,,,,,,,,,,,
20260617_220342,26,delay,161.7044775,1.8096,1.81,1.81,human_delay_task_uses_real_observed_duration,standard,,5.43,171.5388,167.1,4.4388,22,,,,,,,,,,,
20260617_220342,27,delay,163.530735,3.6192,3.62,3.62,human_delay_task_uses_real_observed_duration,standard,,9.05,175.1588,170.72,4.4388,22,,,,,,,,,,,
20260617_221043,1,delay,4.035185099,1.9965,2,2,human_delay_task_uses_real_observed_duration,standard,,5.99,74.5326,74.53,0.0026,2,,,,,,,,,,,
20260617_221043,2,delay,6.071390867,3.993,3.99,3.99,human_delay_task_uses_real_observed_duration,standard,,9.98,78.5226,78.53,-0.0074,2,,,,,,,,,,,
20260617_221043,3,delay,10.03314948,7.986,7.99,7.99,human_delay_task_uses_real_observed_duration,standard,,17.97,86.5126,83.19,3.3226,2,,,,,,,,,,,
20260617_221043,4,delay,17.97088957,7.986,7.98,7.98,human_delay_task_uses_real_observed_duration,standard,,25.95,94.4926,90.88,3.6126,2,,,,,,,,,,,
20260617_221043,5,delay,31.85337925,1.7319,1.74,1.74,human_delay_task_uses_real_observed_duration,standard,,5.2,93.0688,89.05,4.0188,6,,,,,,,,,,,
20260617_221043,6,delay,44.9182713,1.797,1.8,1.8,human_delay_task_uses_real_observed_duration,standard,,5.39,93.9048,89.08,4.8248,10,,,,,,,,,,,
20260617_221043,7,delay,55.95655584,1.79,1.79,1.79,human_delay_task_uses_real_observed_duration,standard,,5.37,94.6048,87.15,7.4548,14,,,,,,,,,,,
20260617_221043,8,delay,57.71465945,3.58,3.58,3.58,human_delay_task_uses_real_observed_duration,standard,,8.95,98.1848,90.73,7.4548,14,,,,,,,,,,,
20260617_221043,9,delay,68.75645137,1.7319,1.74,1.74,human_delay_task_uses_real_observed_duration,standard,,5.2,97.591,87.19,10.401,18,,,,,,,,,,,
20260617_221043,10,delay,70.48742175,3.4638,3.46,3.46,human_delay_task_uses_real_observed_duration,standard,,8.66,101.051,90.66,10.391,18,,,,,,,,,,,
20260617_221608,1,delay,27.1274786,1.797,1.8,1.8,human_delay_task_uses_real_observed_duration,standard,,5.39,75.2994,71.34,3.9594,10,,,,,,,,,,,
20260617_221608,2,delay,28.94860196,3.594,3.59,3.59,human_delay_task_uses_real_observed_duration,standard,,8.98,78.8894,74.94,3.9494,10,,,,,,,,,,,
20260617_221608,3,delay,32.54784966,7.188,7.19,7.19,human_delay_task_uses_real_observed_duration,standard,,16.17,86.0794,79.79,6.2894,10,,,,,,,,,,,
20260617_221608,4,delay,47.9672482,2.9619,2.97,2.97,human_delay_task_uses_real_observed_duration,standard,,8.89,88.0456,83.88,4.1656,13,,,,,,,,,,,
20260617_221608,5,delay,50.85778165,5.9238,5.92,5.92,human_delay_task_uses_real_observed_duration,standard,,14.81,93.9656,89.81,4.1556,13,,,,,,,,,,,
20260617_221608,6,delay,61.35063481,1.6689,1.67,1.67,human_delay_task_uses_real_observed_duration,standard,,5.01,93.3578,89.08,4.2778,15,,,,,,,,,,,
20260617_221608,7,delay,63.01905894,3.3378,3.33,3.33,human_delay_task_uses_real_observed_duration,standard,,8.34,96.6878,92.42,4.2678,15,,,,,,,,,,,
20260617_221608,8,delay,72.11907363,1.7319,1.74,1.74,human_delay_task_uses_real_observed_duration,standard,,5.2,97.484,90.53,6.954,18,,,,,,,,,,,
20260617_222235,1,delay,7.438289165,1.8096,1.81,1.81,human_delay_task_uses_real_observed_duration,standard,,5.43,74.3464,74.12,0.2264,3,,,,,,,,,,,
20260617_222235,2,delay,14.54478979,2.9619,2.97,2.97,human_delay_task_uses_real_observed_duration,standard,,8.89,76.4596,76.46,-0.0004,5,,,,,,,,,,,
20260617_222235,3,delay,17.50985289,5.9238,5.92,5.92,human_delay_task_uses_real_observed_duration,standard,,14.81,82.3796,82.38,-0.0004,5,,,,,,,,,,,
20260617_222235,4,delay,26.0783391,1.7319,1.74,1.74,human_delay_task_uses_real_observed_duration,standard,,5.2,83.2458,83.29,-0.0442,6,,,,,,,,,,,
20260617_222235,5,delay,27.76044297,3.4638,3.46,3.46,human_delay_task_uses_real_observed_duration,standard,,8.66,86.7058,86.75,-0.0442,6,,,,,,,,,,,
20260617_222235,6,delay,31.24007177,6.9276,6.93,6.93,human_delay_task_uses_real_observed_duration,standard,,15.59,93.6358,91.04,2.5958,6,,,,,,,,,,,
20260617_222235,7,delay,38.14320827,6.9276,6.92,6.92,human_delay_task_uses_real_observed_duration,standard,,22.51,100.5558,97.01,3.5458,6,,,,,,,,,,,
20260617_222235,8,delay,45.11479306,6.9276,6.93,6.93,human_delay_task_uses_real_observed_duration,standard,,29.44,107.4858,103.94,3.5458,6,,,,,,,,,,,
20260617_222235,9,delay,52.02626872,6.9276,6.93,6.93,human_delay_task_uses_real_observed_duration,standard,,36.37,114.4158,110.87,3.5458,6,,,,,,,,,,,
20260617_222235,10,delay,61.52231479,1.7319,1.74,1.74,human_delay_task_uses_real_observed_duration,standard,,5.2,110.102,105.79,4.312,12,,,,,,,,,,,
20260617_222235,11,delay,82.92607093,1.7319,1.74,1.74,human_delay_task_uses_real_observed_duration,standard,,5.2,110.9782,101.32,9.6582,18,,,,,,,,,,,
20260617_222235,12,delay,84.64082861,3.4638,3.46,3.46,human_delay_task_uses_real_observed_duration,standard,,8.66,114.4382,104.78,9.6582,18,,,,,,,,,,,
20260617_222235,13,delay,88.06627989,6.9276,6.93,6.93,human_delay_task_uses_real_observed_duration,standard,,15.59,121.3682,109.21,12.1582,18,,,,,,,,,,,
20260617_222235,14,delay,94.9847703,6.9276,6.92,6.92,human_delay_task_uses_real_observed_duration,standard,,22.51,128.2882,115.04,13.2482,18,,,,,,,,,,,
20260617_222235,15,delay,101.9433355,6.9276,6.93,6.93,human_delay_task_uses_real_observed_duration,standard,,29.44,135.2182,121.97,13.2482,18,,,,,,,,,,,
20260617_222235,16,delay,113.9583895,2.9619,2.97,2.97,human_delay_task_uses_real_observed_duration,standard,,8.89,137.2744,124.08,13.1944,21,,,,,,,,,,,
20260617_222235,17,delay,116.8902411,5.9238,5.92,5.92,human_delay_task_uses_real_observed_duration,standard,,14.81,143.1944,130.01,13.1844,21,,,,,,,,,,,
20260617_222235,18,delay,122.8426845,11.8476,11.85,11.85,human_delay_task_uses_real_observed_duration,standard,,26.66,155.0444,141.86,13.1844,21,,,,,,,,,,,
20260617_222235,19,delay,132.8531561,1.797,1.8,1.8,human_delay_task_uses_real_observed_duration,standard,,5.39,151.3804,138.25,13.1304,23,,,,,,,,,,,
20260617_222235,20,delay,134.6394644,3.594,3.59,3.59,human_delay_task_uses_real_observed_duration,standard,,8.98,154.9704,141.84,13.1304,23,,,,,,,,,,,
20260617_223549,1,delay,19.29450631,1.7319,1.74,1.74,human_delay_task_uses_real_observed_duration,standard,,5.2,75.7696,72.95,2.8196,6,,,,,,,,,,,
20260617_223549,2,delay,21.04307985,3.4638,3.46,3.46,human_delay_task_uses_real_observed_duration,standard,,8.66,79.2296,76.41,2.8196,6,,,,,,,,,,,
20260617_223549,3,delay,31.28167105,1.797,1.8,1.8,human_delay_task_uses_real_observed_duration,standard,,5.39,80.3456,75.5,4.8456,10,,,,,,,,,,,
20260617_223549,4,delay,36.1117785,1.7319,1.74,1.74,human_delay_task_uses_real_observed_duration,standard,,5.2,81.5118,76.76,4.7518,12,,,,,,,,,,,
20260617_223549,5,delay,37.83454108,3.4638,3.46,3.46,human_delay_task_uses_real_observed_duration,standard,,8.66,84.9718,80.22,4.7518,12,,,,,,,,,,,
20260617_223549,6,delay,41.27097011,6.9276,6.93,6.93,human_delay_task_uses_real_observed_duration,standard,,15.59,91.9018,87.15,4.7518,12,,,,,,,,,,,
20260617_223549,7,delay,48.11753726,2.9619,2.97,2.97,human_delay_task_uses_real_observed_duration,standard,,8.89,88.758,84.07,4.688,13,,,,,,,,,,,
20260617_223549,8,delay,51.0985415,5.9238,5.92,5.92,human_delay_task_uses_real_observed_duration,standard,,14.81,94.678,89.99,4.688,13,,,,,,,,,,,
20260617_223549,9,delay,57.04210687,11.8476,11.85,11.85,human_delay_task_uses_real_observed_duration,standard,,26.66,106.528,101.84,4.688,13,,,,,,,,,,,
20260617_223549,10,delay,68.91061234,11.8476,11.84,11.84,human_delay_task_uses_real_observed_duration,standard,,38.5,118.368,113.68,4.688,13,,,,,,,,,,,
20260617_223549,11,delay,77.98156166,1.79,1.79,1.79,human_delay_task_uses_real_observed_duration,standard,,5.37,113.708,109.11,4.598,14,,,,,,,,,,,
20260617_224021,1,delay,25.55379128,1.797,1.8,1.8,human_delay_task_uses_real_observed_duration,standard,,5.39,75.4094,69.67,5.7394,10,,,,,,,,,,,
20260617_224021,2,delay,30.9424479,1.7319,1.74,1.74,human_delay_task_uses_real_observed_duration,standard,,5.2,77.2356,71.56,5.6756,12,,,,,,,,,,,
20260617_224021,3,delay,32.68506646,3.4638,3.46,3.46,human_delay_task_uses_real_observed_duration,standard,,8.66,80.6956,75.03,5.6656,12,,,,,,,,,,,
20260617_224555,1,delay,4.039536476,1.9965,2,2,human_delay_task_uses_real_observed_duration,standard,,5.99,74.5326,74.53,0.0026,2,,,,,,,,,,,
20260617_224555,2,delay,8.434761524,1.8096,1.81,1.81,human_delay_task_uses_real_observed_duration,standard,,5.43,75.0734,75.1,-0.0266,3,,,,,,,,,,,
20260617_224555,3,delay,15.27083135,2.9619,2.97,2.97,human_delay_task_uses_real_observed_duration,standard,,8.89,77.0096,77.16,-0.1504,5,,,,,,,,,,,
20260617_224555,4,delay,30.24858713,1.797,1.8,1.8,human_delay_task_uses_real_observed_duration,standard,,5.39,77.3056,74.44,2.8656,10,,,,,,,,,,,
20260617_224555,5,delay,32.05553174,3.594,3.59,3.59,human_delay_task_uses_real_observed_duration,standard,,8.98,80.8956,78.04,2.8556,10,,,,,,,,,,,
20260617_224555,6,delay,35.6212194,7.188,7.19,7.19,human_delay_task_uses_real_observed_duration,standard,,16.17,88.0856,82.86,5.2256,10,,,,,,,,,,,
20260617_224555,7,delay,42.84487367,7.188,7.19,7.19,human_delay_task_uses_real_observed_duration,standard,,23.36,95.2756,88.95,6.3256,10,,,,,,,,,,,
20260617_225121,1,delay,16.76665211,1.797,1.8,1.8,human_delay_task_uses_real_observed_duration,standard,,5.39,75.4694,73.91,1.5594,8,,,,,,,,,,,
20260617_225121,2,delay,18.57954788,3.594,3.6,3.6,human_delay_task_uses_real_observed_duration,standard,,8.99,79.0694,77.5,1.5694,8,,,,,,,,,,,
20260617_225121,3,delay,22.93627429,1.7319,1.74,1.74,human_delay_task_uses_real_observed_duration,standard,,5.2,78.0556,76.55,1.5056,6,,,,,,,,,,,
20260617_225121,4,delay,24.63651752,3.4638,3.46,3.46,human_delay_task_uses_real_observed_duration,standard,,8.66,81.5156,80.01,1.5056,6,,,,,,,,,,,
20260617_225121,5,delay,35.60529757,1.797,1.8,1.8,human_delay_task_uses_real_observed_duration,standard,,5.39,81.9216,79.74,2.1816,10,,,,,,,,,,,
20260617_225121,6,delay,37.41756463,3.594,3.59,3.59,human_delay_task_uses_real_observed_duration,standard,,8.98,85.5116,83.34,2.1716,10,,,,,,,,,,,
20260617_225121,7,delay,61.64889836,1.7319,1.74,1.74,human_delay_task_uses_real_observed_duration,standard,,5.2,85.7478,80.07,5.6778,18,,,,,,,,,,,
20260617_225121,8,delay,63.43623805,3.4638,3.46,3.46,human_delay_task_uses_real_observed_duration,standard,,8.66,89.2078,83.54,5.6678,18,,,,,,,,,,,
20260617_225121,9,delay,69.67500305,1.797,1.8,1.8,human_delay_task_uses_real_observed_duration,standard,,5.39,90.1938,84.59,5.6038,19,,,,,,,,,,,
20260617_225121,10,delay,78.75796962,1.8096,1.81,1.81,human_delay_task_uses_real_observed_duration,standard,,5.43,91.9746,84.15,7.8246,22,,,,,,,,,,,
20260617_225121,11,delay,80.62125349,3.6192,3.62,3.62,human_delay_task_uses_real_observed_duration,standard,,9.05,95.5946,87.77,7.8246,22,,,,,,,,,,,
20260617_225645,1,delay,27.58778358,1.797,1.8,1.8,human_delay_task_uses_real_observed_duration,standard,,5.39,75.7494,71.78,3.9694,10,,,,,,,,,,,
20260617_225645,2,delay,29.41246891,3.594,3.59,3.59,human_delay_task_uses_real_observed_duration,standard,,8.98,79.3394,75.37,3.9694,10,,,,,,,,,,,
20260617_225645,3,delay,33.0162487,7.188,7.19,7.19,human_delay_task_uses_real_observed_duration,standard,,16.17,86.5294,80.26,6.2694,10,,,,,,,,,,,
20260617_225645,4,delay,40.23798561,7.188,7.19,7.19,human_delay_task_uses_real_observed_duration,standard,,23.36,93.7194,86.28,7.4394,10,,,,,,,,,,,
20260617_230214,1,delay,4.060612202,1.9965,2,2,human_delay_task_uses_real_observed_duration,standard,,5.99,74.5326,74.53,0.0026,2,,,,,,,,,,,
20260617_230214,2,delay,16.71871305,1.7319,1.74,1.74,human_delay_task_uses_real_observed_duration,standard,,5.2,75.3896,73.98,1.4096,6,,,,,,,,,,,
20260617_230214,3,delay,18.45969868,3.4638,3.46,3.46,human_delay_task_uses_real_observed_duration,standard,,8.66,78.8496,77.45,1.3996,6,,,,,,,,,,,
20260617_230214,4,delay,30.24783206,1.797,1.8,1.8,human_delay_task_uses_real_observed_duration,standard,,5.39,78.5056,74.38,4.1256,10,,,,,,,,,,,
20260617_230214,5,delay,43.30155349,1.79,1.79,1.79,human_delay_task_uses_real_observed_duration,standard,,5.37,79.7156,74.45,5.2656,14,,,,,,,,,,,
20260617_230214,6,delay,54.84739661,1.7319,1.74,1.74,human_delay_task_uses_real_observed_duration,standard,,5.2,80.8218,73.2,7.6218,18,,,,,,,,,,,
20260617_230214,7,delay,56.52906346,3.4638,3.46,3.46,human_delay_task_uses_real_observed_duration,standard,,8.66,84.2818,76.66,7.6218,18,,,,,,,,,,,
20260617_230214,8,order,60.04247022,0,5.18,3.39,order_wrong_first_actual_plus_fixed_3.39_on_earlier_task,standard,,,87.7818,76.64,11.1418,18,18,19,18,19,8.77,3.46,8.77,3.594,3.39,5.2,5.18
20260618_143804,1,delay,29.11396527,1.7319,1.74,1.74,human_delay_task_uses_real_observed_duration,standard,,5.2,75.7496,69.77,5.9796,12,,,,,,,,,,,
20260618_143804,2,delay,38.91539383,1.79,1.79,1.79,human_delay_task_uses_real_observed_duration,standard,,5.37,76.4796,70.14,6.3396,14,,,,,,,,,,,
20260618_143804,3,delay,43.45452309,1.6689,1.67,1.67,human_delay_task_uses_real_observed_duration,standard,,5.01,77.5118,71.2,6.3118,15,,,,,,,,,,,
20260618_143804,4,delay,52.33840728,1.7319,1.74,1.74,human_delay_task_uses_real_observed_duration,standard,,5.2,78.328,70.79,7.538,18,,,,,,,,,,,
20260618_144336,1,order,14.69489956,0,0,3.39,order_wrong_first_actual_plus_fixed_3.39_on_earlier_task,standard,,,75.2396,70.1,5.1396,6,6,8,6,8,1.43,3.4638,1.43,3.594,3.39,2.16,0
20260618_144336,2,order,25.29052639,0,0,3.39,order_wrong_first_actual_plus_fixed_3.39_on_earlier_task,standard,,,77.9656,67.84,10.1256,10,10,12,10,12,2.93,3.594,2.93,3.4638,3.39,0.53,0
20260618_144336,3,delay,28.89194274,1.797,1.8,1.8,human_delay_task_uses_real_observed_duration,standard,,5.39,77.0356,69.64,7.3956,10,,,,,,,,,,,
20260618_144802,1,delay,16.90859437,1.7319,1.74,1.74,human_delay_task_uses_real_observed_duration,standard,,5.2,75.5796,74.15,1.4296,6,,,,,,,,,,,
20260618_144802,2,delay,42.24734211,1.6689,1.67,1.67,human_delay_task_uses_real_observed_duration,standard,,5.01,76.8718,70.03,6.8418,15,,,,,,,,,,,
20260618_144802,3,delay,52.23221278,1.7319,1.74,1.74,human_delay_task_uses_real_observed_duration,standard,,5.2,77.638,70.63,7.008,18,,,,,,,,,,,
20260618_144802,4,order,52.85218358,0,0.56,3.39,order_wrong_first_actual_plus_fixed_3.39_on_earlier_task,standard,,,79.978,69.45,10.528,18,18,19,18,19,4.15,3.46,4.15,3.594,3.39,1.74,0.56
20260618_144802,5,delay,62.41716576,1.8096,1.81,1.81,human_delay_task_uses_real_observed_duration,standard,,5.43,81.7888,67.81,13.9788,22,,,,,,,,,,,
20260618_144802,6,delay,64.28427267,3.6192,3.62,3.62,human_delay_task_uses_real_observed_duration,standard,,9.05,85.4088,71.43,13.9788,22,,,,,,,,,,,
20260618_144802,7,order,66.32850313,0,3.95,3.39,order_wrong_first_actual_plus_fixed_3.39_on_earlier_task,standard,,,87.2888,69.95,17.3388,22,22,23,22,23,7.54,3.62,7.54,3.594,3.39,5.43,3.95
20260618_145303,1,delay,50.81395721,1.7319,1.74,1.74,human_delay_task_uses_real_observed_duration,standard,,5.2,75.7596,69.21,6.5496,18,,,,,,,,,,,
20260618_145303,2,delay,52.5204587,3.4638,3.46,3.46,human_delay_task_uses_real_observed_duration,standard,,8.66,79.2196,72.67,6.5496,18,,,,,,,,,,,
20260618_145303,3,delay,55.98437309,6.9276,6.93,6.93,human_delay_task_uses_real_observed_duration,standard,,15.59,86.1496,76.98,9.1696,18,,,,,,,,,,,
20260618_145303,4,delay,62.88569593,6.9276,6.92,6.92,human_delay_task_uses_real_observed_duration,standard,,22.51,93.0696,82.93,10.1396,18,,,,,,,,,,,
20260618_145303,5,delay,69.8658855,6.9276,6.93,6.93,human_delay_task_uses_real_observed_duration,standard,,29.44,99.9996,89.86,10.1396,18,,,,,,,,,,,
20260618_145303,6,delay,77.11085773,2.9619,2.97,2.97,human_delay_task_uses_real_observed_duration,standard,,8.89,97.2858,87.24,10.0458,21,,,,,,,,,,,
20260618_145303,7,delay,80.0878284,5.9238,5.92,5.92,human_delay_task_uses_real_observed_duration,standard,,14.81,103.2058,93.16,10.0458,21,,,,,,,,,,,
20260618_150321,1,delay,20.78457856,1.7319,1.74,1.74,human_delay_task_uses_real_observed_duration,standard,,5.2,75.7396,74.4,1.3396,6,,,,,,,,,,,
20260618_150321,2,delay,22.48798442,3.4638,3.46,3.46,human_delay_task_uses_real_observed_duration,standard,,8.66,79.1996,77.86,1.3396,6,,,,,,,,,,,
20260618_150321,3,delay,25.93433452,6.9276,6.93,6.93,human_delay_task_uses_real_observed_duration,standard,,15.59,86.1296,84.79,1.3396,6,,,,,,,,,,,
20260618_150321,4,delay,37.52341652,2.9619,2.97,2.97,human_delay_task_uses_real_observed_duration,standard,,8.89,87.7358,86.48,1.2558,9,,,,,,,,,,,
20260618_150321,5,delay,46.77247739,1.797,1.8,1.8,human_delay_task_uses_real_observed_duration,standard,,5.39,88.9218,87.47,1.4518,10,,,,,,,,,,,
20260618_150321,6,delay,53.57101512,2.9619,2.97,2.97,human_delay_task_uses_real_observed_duration,standard,,8.89,90.908,89.53,1.378,13,,,,,,,,,,,
20260618_150321,7,delay,58.56148791,1.79,1.79,1.79,human_delay_task_uses_real_observed_duration,standard,,5.37,91.148,89.8,1.348,14,,,,,,,,,,,
20260618_150321,8,delay,60.34433126,3.58,3.58,3.58,human_delay_task_uses_real_observed_duration,standard,,8.95,94.728,93.38,1.348,14,,,,,,,,,,,
20260618_150321,9,delay,63.94690776,7.16,7.16,7.16,human_delay_task_uses_real_observed_duration,standard,,16.11,101.888,98.57,3.318,14,,,,,,,,,,,
20260618_150321,10,delay,71.0843997,7.16,7.16,7.16,human_delay_task_uses_real_observed_duration,standard,,23.27,109.048,104.36,4.688,14,,,,,,,,,,,
20260618_150321,11,delay,80.72054577,2.9619,2.97,2.97,human_delay_task_uses_real_observed_duration,standard,,8.89,108.4842,103.87,4.6142,17,,,,,,,,,,,
20260618_150754,1,order,62.1077776,0,0,3.39,order_wrong_first_actual_plus_fixed_3.39_on_earlier_task,standard,,,76.1542,67.45,8.7042,22,22,23,22,23,2.28,3.6192,2.28,3.594,3.39,1.31,0
20260618_150754,2,delay,65.74936604,1.8096,1.81,1.81,human_delay_task_uses_real_observed_duration,standard,,5.43,75.9142,67.54,8.3742,22,,,,,,,,,,,
20260618_153051,1,delay,16.75385022,1.7319,1.74,1.74,human_delay_task_uses_real_observed_duration,standard,,5.2,75.5296,73.96,1.5696,6,,,,,,,,,,,
20260618_153051,2,delay,25.46439219,2.9619,2.97,2.97,human_delay_task_uses_real_observed_duration,standard,,8.89,78.0758,74.42,3.6558,9,,,,,,,,,,,
20260618_153051,3,delay,30.33168149,1.7319,1.74,1.74,human_delay_task_uses_real_observed_duration,standard,,5.2,78.212,74.6,3.612,12,,,,,,,,,,,
20260618_153051,4,delay,42.21364713,1.79,1.79,1.79,human_delay_task_uses_real_observed_duration,standard,,5.37,79.062,73.46,5.602,14,,,,,,,,,,,
20260618_153051,5,delay,44.00439811,3.58,3.58,3.58,human_delay_task_uses_real_observed_duration,standard,,8.95,82.642,77.04,5.602,14,,,,,,,,,,,
20260618_153051,6,delay,56.2509613,1.7319,1.74,1.74,human_delay_task_uses_real_observed_duration,standard,,5.2,81.7782,74.67,7.1082,18,,,,,,,,,,,
20260618_153051,7,delay,57.97957993,3.4638,3.46,3.46,human_delay_task_uses_real_observed_duration,standard,,8.66,85.2382,78.13,7.1082,18,,,,,,,,,,,
20260618_153051,8,delay,61.4269104,6.9276,6.93,6.93,human_delay_task_uses_real_observed_duration,standard,,15.59,92.1682,82.42,9.7482,18,,,,,,,,,,,
20260618_153051,9,delay,68.34633613,6.9276,6.92,6.92,human_delay_task_uses_real_observed_duration,standard,,22.51,99.0882,88.39,10.6982,18,,,,,,,,,,,
20260618_153051,10,delay,75.28608298,6.9276,6.93,6.93,human_delay_task_uses_real_observed_duration,standard,,29.44,106.0182,95.32,10.6982,18,,,,,,,,,,,
20260618_153051,11,delay,82.22605252,6.9276,6.93,6.93,human_delay_task_uses_real_observed_duration,standard,,36.37,112.9482,102.25,10.6982,18,,,,,,,,,,,
20260618_153713,1,delay,28.3029542,1.7319,1.74,1.74,human_delay_task_uses_real_observed_duration,standard,,5.2,75.2996,68.97,6.3296,12,,,,,,,,,,,
20260618_153713,2,delay,30.01929927,3.4638,3.46,3.46,human_delay_task_uses_real_observed_duration,standard,,8.66,78.7596,72.44,6.3196,12,,,,,,,,,,,
20260618_153713,3,delay,42.86251593,1.6689,1.67,1.67,human_delay_task_uses_real_observed_duration,standard,,5.01,79.3818,70.61,8.7718,15,,,,,,,,,,,
20260618_153713,4,delay,44.50697255,3.3378,3.33,3.33,human_delay_task_uses_real_observed_duration,standard,,8.34,82.7118,73.94,8.7718,15,,,,,,,,,,,
20260618_153713,5,delay,47.83591247,6.6756,6.68,6.68,human_delay_task_uses_real_observed_duration,standard,,15.02,89.3918,80.62,8.7718,15,,,,,,,,,,,
20260618_154903,1,delay,26.35320282,1.797,1.8,1.8,human_delay_task_uses_real_observed_duration,standard,,5.39,75.5694,70.47,5.0994,10,,,,,,,,,,,
20260618_154903,2,delay,28.09346795,3.594,3.6,3.6,human_delay_task_uses_real_observed_duration,standard,,8.99,79.1694,74.06,5.1094,10,,,,,,,,,,,
20260618_154903,3,delay,31.72002625,7.188,7.18,7.18,human_delay_task_uses_real_observed_duration,standard,,16.17,86.3494,78.96,7.3894,10,,,,,,,,,,,
20260618_154903,4,delay,38.88780713,7.188,7.19,7.19,human_delay_task_uses_real_observed_duration,standard,,23.36,93.5394,84.98,8.5594,10,,,,,,,,,,,
20260618_154903,5,delay,63.37325096,1.7319,1.74,1.74,human_delay_task_uses_real_observed_duration,standard,,5.2,94.1456,81.78,12.3656,18,,,,,,,,,,,
20260618_154903,6,delay,65.10078382,3.4638,3.46,3.46,human_delay_task_uses_real_observed_duration,standard,,8.66,97.6056,85.25,12.3556,18,,,,,,,,,,,
20260618_154903,7,delay,68.62393332,6.9276,6.93,6.93,human_delay_task_uses_real_observed_duration,standard,,15.59,104.5356,89.62,14.9156,18,,,,,,,,,,,
20260618_154903,8,delay,85.98807406,1.8096,1.81,1.81,human_delay_task_uses_real_observed_duration,standard,,5.43,100.9964,91.38,9.6164,22,,,,,,,,,,,
20260618_154903,9,delay,87.88873243,3.6192,3.62,3.62,human_delay_task_uses_real_observed_duration,standard,,9.05,104.6164,95,9.6164,22,,,,,,,,,,,
20260618_155540,1,delay,26.80874348,1.797,1.8,1.8,human_delay_task_uses_real_observed_duration,standard,,5.39,75.9394,71.01,4.9294,10,,,,,,,,,,,
20260618_155540,2,delay,28.63886213,3.594,3.59,3.59,human_delay_task_uses_real_observed_duration,standard,,8.98,79.5294,74.6,4.9294,10,,,,,,,,,,,
20260618_155540,3,delay,32.20005822,7.188,7.19,7.19,human_delay_task_uses_real_observed_duration,standard,,16.17,86.7194,79.44,7.2794,10,,,,,,,,,,,
20260618_155540,4,delay,39.38930082,7.188,7.19,7.19,human_delay_task_uses_real_observed_duration,standard,,23.36,93.9094,85.52,8.3894,10,,,,,,,,,,,
20260618_155540,5,delay,63.1799171,1.7319,1.74,1.74,human_delay_task_uses_real_observed_duration,standard,,5.2,94.3456,81.55,12.7956,18,,,,,,,,,,,
20260618_155540,6,order,63.95545554,0,0.74,3.39,order_wrong_first_actual_plus_fixed_3.39_on_earlier_task,standard,,,96.8656,80.56,16.3056,18,18,19,18,19,4.33,3.46,4.33,3.594,3.39,1.74,0.74
20260618_155540,7,delay,67.47666478,3.4638,3.47,3.47,human_delay_task_uses_real_observed_duration,standard,,6.93,96.0756,84.02,12.0556,18,,,,,,,,,,,
20260618_171939,1,delay,7.653554678,1.8096,1.81,1.81,human_delay_task_uses_real_observed_duration,standard,,5.43,74.3464,74.35,-0.0036,3,,,,,,,,,,,
20260618_171939,2,delay,18.27901363,1.797,1.8,1.8,human_delay_task_uses_real_observed_duration,standard,,5.39,75.4294,75.46,-0.0306,8,,,,,,,,,,,
20260618_171939,3,delay,20.07007051,3.594,3.6,3.6,human_delay_task_uses_real_observed_duration,standard,,8.99,79.0294,79.06,-0.0306,8,,,,,,,,,,,
20260618_171939,4,delay,23.65345979,7.188,7.18,7.18,human_delay_task_uses_real_observed_duration,standard,,16.17,86.2094,83.88,2.3294,8,,,,,,,,,,,
20260618_171939,5,delay,42.23275948,1.797,1.8,1.8,human_delay_task_uses_real_observed_duration,standard,,5.39,85.5754,86.43,-0.8546,10,,,,,,,,,,,
20260618_171939,6,delay,44.04948711,3.594,3.59,3.59,human_delay_task_uses_real_observed_duration,standard,,8.98,89.1654,90.02,-0.8546,10,,,,,,,,,,,
20260618_171939,7,delay,47.61713648,7.188,7.19,7.19,human_delay_task_uses_real_observed_duration,standard,,16.17,96.3554,95,1.3554,10,,,,,,,,,,,
20260618_171939,8,delay,54.84334898,7.188,7.19,7.19,human_delay_task_uses_real_observed_duration,standard,,23.36,103.5454,100.93,2.6154,10,,,,,,,,,,,
20260618_171939,9,delay,67.60051155,1.79,1.79,1.79,human_delay_task_uses_real_observed_duration,standard,,5.37,101.1654,98.82,2.3454,14,,,,,,,,,,,
20260618_171939,10,delay,69.39955807,3.58,3.58,3.58,human_delay_task_uses_real_observed_duration,standard,,8.95,104.7454,102.4,2.3454,14,,,,,,,,,,,
20260618_171939,11,delay,81.37030363,1.7319,1.74,1.74,human_delay_task_uses_real_observed_duration,standard,,5.2,103.8816,99.79,4.0916,18,,,,,,,,,,,
20260618_171939,12,delay,83.0762763,3.4638,3.46,3.46,human_delay_task_uses_real_observed_duration,standard,,8.66,107.3416,103.25,4.0916,18,,,,,,,,,,,
20260618_172550,1,delay,6.872375488,1.8096,1.81,1.81,human_delay_task_uses_real_observed_duration,standard,,5.43,74.3464,73.57,0.7764,3,,,,,,,,,,,
20260618_172550,2,delay,17.2739253,1.7319,1.74,1.74,human_delay_task_uses_real_observed_duration,standard,,5.2,75.3196,74.46,0.8596,6,,,,,,,,,,,
20260618_172550,3,delay,18.93399429,3.4638,3.46,3.46,human_delay_task_uses_real_observed_duration,standard,,8.66,78.7796,77.92,0.8596,6,,,,,,,,,,,
20260618_172550,4,order,20.69325542,0,3.37,3.39,order_wrong_first_actual_plus_fixed_3.39_on_earlier_task,standard,,,80.4696,76.1,4.3696,6,6,8,6,8,6.96,3.46,6.96,3.594,3.39,5.2,3.37
20260618_172550,5,delay,24.16331983,6.9276,6.93,6.93,human_delay_task_uses_real_observed_duration,standard,,10.39,80.5096,83.03,-2.5204,6,,,,,,,,,,,
20260618_172550,6,delay,49.40398884,1.6689,1.67,1.67,human_delay_task_uses_real_observed_duration,standard,,5.01,82.1818,80.73,1.4518,15,,,,,,,,,,,
20260618_172550,7,delay,51.03110361,3.3378,3.33,3.33,human_delay_task_uses_real_observed_duration,standard,,8.34,85.5118,84.07,1.4418,15,,,,,,,,,,,
20260618_172550,8,delay,54.42402482,6.6756,6.68,6.68,human_delay_task_uses_real_observed_duration,standard,,15.02,92.1918,89.33,2.8618,15,,,,,,,,,,,
20260618_172550,9,delay,61.04439163,6.6756,6.68,6.68,human_delay_task_uses_real_observed_duration,standard,,21.7,98.8718,93.84,5.0318,15,,,,,,,,,,,
20260618_172550,10,delay,67.73419952,6.6756,6.67,6.67,human_delay_task_uses_real_observed_duration,standard,,28.37,105.5418,100.51,5.0318,15,,,,,,,,,,,
20260618_172550,11,delay,74.45662475,6.6756,6.68,6.68,human_delay_task_uses_real_observed_duration,standard,,35.05,112.2218,107.19,5.0318,15,,,,,,,,,,,
20260618_172550,12,delay,86.73429894,1.7319,1.74,1.74,human_delay_task_uses_real_observed_duration,standard,,5.2,110.508,105.17,5.338,18,,,,,,,,,,,
20260618_172550,13,delay,99.19538975,1.797,1.8,1.8,human_delay_task_uses_real_observed_duration,standard,,5.39,111.234,104.56,6.674,23,,,,,,,,,,,
20260618_173434,1,delay,19.84171033,1.797,1.8,1.8,human_delay_task_uses_real_observed_duration,standard,,5.39,75.3094,73.58,1.7294,8,,,,,,,,,,,
20260618_173434,2,delay,21.69629884,3.594,3.6,3.6,human_delay_task_uses_real_observed_duration,standard,,8.99,78.9094,77.17,1.7394,8,,,,,,,,,,,
20260618_173434,3,delay,25.27963257,7.188,7.18,7.18,human_delay_task_uses_real_observed_duration,standard,,16.17,86.0894,84.36,1.7294,8,,,,,,,,,,,
20260618_173434,4,delay,32.11500049,2.9619,2.97,2.97,human_delay_task_uses_real_observed_duration,standard,,8.89,82.7656,81.09,1.6756,9,,,,,,,,,,,
20260618_173434,5,delay,36.96925402,1.7319,1.74,1.74,human_delay_task_uses_real_observed_duration,standard,,5.2,82.8418,81.21,1.6318,12,,,,,,,,,,,
20260618_173434,6,delay,46.45796514,2.9619,2.97,2.97,human_delay_task_uses_real_observed_duration,standard,,8.89,84.928,82.4,2.528,13,,,,,,,,,,,
20260618_173434,7,delay,51.10798836,1.6689,1.67,1.67,human_delay_task_uses_real_observed_duration,standard,,5.01,84.9702,82.46,2.5102,15,,,,,,,,,,,
20260618_173434,8,delay,52.78850698,3.3378,3.33,3.33,human_delay_task_uses_real_observed_duration,standard,,8.34,88.3002,85.8,2.5002,15,,,,,,,,,,,
20260618_173434,9,delay,57.78736997,1.79,1.79,1.79,human_delay_task_uses_real_observed_duration,standard,,5.37,88.1302,85.65,2.4802,14,,,,,,,,,,,
20260618_173434,10,delay,59.53300834,3.58,3.58,3.58,human_delay_task_uses_real_observed_duration,standard,,8.95,91.7102,89.23,2.4802,14,,,,,,,,,,,
20260618_173434,11,delay,66.32418966,2.9619,2.97,2.97,human_delay_task_uses_real_observed_duration,standard,,8.89,91.8564,89.44,2.4164,17,,,,,,,,,,,
20260618_173434,12,delay,71.06420755,1.7319,1.74,1.74,human_delay_task_uses_real_observed_duration,standard,,5.2,91.9226,89.53,2.3926,18,,,,,,,,,,,
20260618_173434,13,delay,72.83186293,3.4638,3.46,3.46,human_delay_task_uses_real_observed_duration,standard,,8.66,95.3826,92.99,2.3926,18,,,,,,,,,,,
20260618_173434,14,delay,76.29641628,6.9276,6.93,6.93,human_delay_task_uses_real_observed_duration,standard,,15.59,102.3126,97.29,5.0226,18,,,,,,,,,,,
20260618_173434,15,delay,83.24856257,6.9276,6.92,6.92,human_delay_task_uses_real_observed_duration,standard,,22.51,109.2326,103.25,5.9826,18,,,,,,,,,,,
20260618_173434,16,delay,95.54964542,1.797,1.8,1.8,human_delay_task_uses_real_observed_duration,standard,,5.39,107.9886,100.94,7.0486,23,,,,,,,,,,,
20260618_173434,17,delay,97.33949423,3.594,3.59,3.59,human_delay_task_uses_real_observed_duration,standard,,8.98,111.5786,104.54,7.0386,23,,,,,,,,,,,
20260618_174248,1,delay,28.91483307,1.797,1.8,1.8,human_delay_task_uses_real_observed_duration,standard,,5.39,75.8594,73.08,2.7794,10,,,,,,,,,,,
20260618_174248,2,delay,30.6885879,3.594,3.59,3.59,human_delay_task_uses_real_observed_duration,standard,,8.98,79.4494,76.68,2.7694,10,,,,,,,,,,,
20260618_174248,3,delay,34.26081252,7.188,7.19,7.19,human_delay_task_uses_real_observed_duration,standard,,16.17,86.6394,81.5,5.1394,10,,,,,,,,,,,
20260618_174248,4,delay,41.46196437,7.188,7.19,7.19,human_delay_task_uses_real_observed_duration,standard,,23.36,93.8294,87.59,6.2394,10,,,,,,,,,,,
20260618_174248,5,delay,52.67391944,1.79,1.79,1.79,human_delay_task_uses_real_observed_duration,standard,,5.37,90.3394,83.91,6.4294,14,,,,,,,,,,,
20260618_174248,6,delay,65.86189723,1.7319,1.74,1.74,human_delay_task_uses_real_observed_duration,standard,,5.2,91.0056,84.3,6.7056,18,,,,,,,,,,,
20260618_174248,7,delay,74.69843578,2.9619,2.97,2.97,human_delay_task_uses_real_observed_duration,standard,,8.89,92.8718,84.82,8.0518,21,,,,,,,,,,,
20260618_175053,1,delay,17.32591438,1.797,1.8,1.8,human_delay_task_uses_real_observed_duration,standard,,5.39,75.4194,74.51,0.9094,8,,,,,,,,,,,
20260618_175053,2,order,17.98560238,0,0.81,3.39,order_wrong_first_actual_plus_fixed_3.39_on_earlier_task,standard,,,77.6894,73.52,4.1694,8,8,6,8,6,4.27,3.59,4.27,3.4638,3.39,1.8,0.81
20260618_175805,1,delay,17.45590544,1.7319,1.74,1.74,human_delay_task_uses_real_observed_duration,standard,,5.2,75.9096,74.65,1.2596,6,,,,,,,,,,,
20260618_175805,2,delay,26.38932991,2.9619,2.97,2.97,human_delay_task_uses_real_observed_duration,standard,,8.89,77.8858,75.31,2.5758,9,,,,,,,,,,,
20260618_175805,3,delay,31.44275832,1.797,1.8,1.8,human_delay_task_uses_real_observed_duration,standard,,5.39,78.1818,75.63,2.5518,10,,,,,,,,,,,
20260618_175805,4,delay,41.49086857,2.9619,2.97,2.97,human_delay_task_uses_real_observed_duration,standard,,8.89,80.598,77.47,3.128,13,,,,,,,,,,,
20260618_180614,1,delay,64.56525207,1.797,1.8,1.8,human_delay_task_uses_real_observed_duration,standard,,5.39,75.6594,69.95,5.7094,23,,,,,,,,,,,
20260618_180614,2,delay,66.34792924,3.594,3.59,3.59,human_delay_task_uses_real_observed_duration,standard,,8.98,79.2494,73.54,5.7094,23,,,,,,,,,,,
20260618_180614,3,delay,69.99954391,7.188,7.19,7.19,human_delay_task_uses_real_observed_duration,standard,,16.17,86.4394,78.67,7.7694,23,,,,,,,,,,,
20260618_180614,4,delay,77.12034798,7.188,7.19,7.19,human_delay_task_uses_real_observed_duration,standard,,23.36,93.6294,84.3,9.3294,23,,,,,,,,,,,
20260618_182135,1,order,17.88557482,0,0.21,3.39,order_wrong_first_actual_plus_fixed_3.39_on_earlier_task,standard,,,78.1394,73.42,4.7194,8,8,6,8,6,3.67,3.594,3.67,3.4638,3.39,0,0.21
20260618_182135,2,delay,65.14391637,1.8096,1.81,1.81,human_delay_task_uses_real_observed_duration,standard,,5.43,79.9502,70.51,9.4402,22,,,,,,,,,,,
20260618_182902,1,delay,41.75636864,1.79,1.79,1.79,human_delay_task_uses_real_observed_duration,standard,,5.37,75.4734,69.62,5.8534,14,,,,,,,,,,,
20260618_182902,2,delay,63.36003184,1.8096,1.81,1.81,human_delay_task_uses_real_observed_duration,standard,,5.43,76.9142,68.72,8.1942,22,,,,,,,,,,,
20260618_182902,3,delay,65.24675775,3.6192,3.62,3.62,human_delay_task_uses_real_observed_duration,standard,,9.05,80.5342,72.34,8.1942,22,,,,,,,,,,,
20260618_182902,4,delay,68.76313043,7.2384,7.24,7.24,human_delay_task_uses_real_observed_duration,standard,,16.29,87.7742,76.62,11.1542,22,,,,,,,,,,,
20260618_182902,5,delay,76.07346344,7.2384,7.23,7.23,human_delay_task_uses_real_observed_duration,standard,,23.52,95.0042,83.22,11.7842,22,,,,,,,,,,,
20260618_183455,1,delay,36.37355185,2.9619,2.97,2.97,human_delay_task_uses_real_observed_duration,standard,,8.89,76.9396,72.35,4.5896,13,,,,,,,,,,,
20260618_183455,2,delay,39.3766284,5.9238,5.92,5.92,human_delay_task_uses_real_observed_duration,standard,,14.81,82.8596,78.28,4.5796,13,,,,,,,,,,,
20260618_183455,3,delay,44.36576056,1.79,1.79,1.79,human_delay_task_uses_real_observed_duration,standard,,5.37,80.0896,75.57,4.5196,14,,,,,,,,,,,
20260618_183455,4,delay,46.17030287,3.58,3.58,3.58,human_delay_task_uses_real_observed_duration,standard,,8.95,83.6696,79.15,4.5196,14,,,,,,,,,,,
20260618_183455,5,delay,49.6986866,7.16,7.16,7.16,human_delay_task_uses_real_observed_duration,standard,,16.11,90.8296,84.33,6.4996,14,,,,,,,,,,,
20260618_183455,6,delay,56.88826156,7.16,7.16,7.16,human_delay_task_uses_real_observed_duration,standard,,23.27,97.9896,90.13,7.8596,14,,,,,,,,,,,
20260618_183455,7,delay,71.43829727,1.797,1.8,1.8,human_delay_task_uses_real_observed_duration,standard,,5.39,95.6056,86.33,9.2756,19,,,,,,,,,,,
20260618_183455,8,delay,73.24973273,3.594,3.59,3.59,human_delay_task_uses_real_observed_duration,standard,,8.98,99.1956,89.92,9.2756,19,,,,,,,,,,,
20260621_170757,1,delay,42.20127988,1.79,1.79,1.79,human_delay_task_uses_real_observed_duration,standard,,5.37,75.9434,70.07,5.8734,14,,,,,,,,,,,
20260621_171234,1,delay,42.29567099,1.79,1.79,1.79,human_delay_task_uses_real_observed_duration,standard,,5.37,75.2734,70.19,5.0834,14,,,,,,,,,,,
20260621_171649,1,delay,29.99572301,1.7319,1.74,1.74,human_delay_task_uses_real_observed_duration,standard,,5.2,75.6096,70.62,4.9896,12,,,,,,,,,,,
20260621_172604,1,delay,40.77160311,1.79,1.79,1.79,human_delay_task_uses_real_observed_duration,standard,,5.37,75.7134,68.61,7.1034,14,,,,,,,,,,,
20260621_173643,1,delay,6.895988703,1.8096,1.81,1.81,human_delay_task_uses_real_observed_duration,standard,,5.43,74.3464,73.62,0.7264,3,,,,,,,,,,,
20260621_173643,2,delay,16.93274355,1.797,1.8,1.8,human_delay_task_uses_real_observed_duration,standard,,5.39,75.4294,74.12,1.3094,8,,,,,,,,,,,
20260621_173643,3,delay,28.3473351,1.7319,1.74,1.74,human_delay_task_uses_real_observed_duration,standard,,5.2,76.0856,72.61,3.4756,12,,,,,,,,,,,
20260621_173643,4,order,29.44060755,0,0.99,3.39,order_wrong_first_actual_plus_fixed_3.39_on_earlier_task,standard,,,77.6054,71.86,5.7454,10,12,10,10,12,3.46,3.594,3.46,3.4638,3.39,1.74,0.99
20260621_173643,5,delay,40.88684797,1.6689,1.67,1.67,human_delay_task_uses_real_observed_duration,standard,,5.01,79.2776,72.21,7.0676,15,,,,,,,,,,,
20260621_173643,6,delay,52.43375039,1.7319,1.74,1.74,human_delay_task_uses_real_observed_duration,standard,,5.2,79.9938,70.89,9.1038,18,,,,,,,,,,,
20260621_173643,7,order,53.76910019,0,1.22,3.39,order_wrong_first_actual_plus_fixed_3.39_on_earlier_task,standard,,,82.9938,70.37,12.6238,18,18,19,18,19,4.81,3.46,4.81,3.594,3.39,1.74,1.22
20260621_174256,1,delay,65.33816385,1.797,1.8,1.8,human_delay_task_uses_real_observed_duration,standard,,5.39,75.2794,70.74,4.5394,23,,,,,,,,,,,
20260621_174256,2,order,66.2515533,0,0.9,3.39,order_wrong_first_actual_plus_fixed_3.39_on_earlier_task,standard,,,77.7994,69.85,7.9494,23,23,22,23,22,4.52,3.59,4.52,3.6192,3.39,1.8,0.9
20260621_174800,1,delay,7.175202608,1.8096,1.81,1.81,human_delay_task_uses_real_observed_duration,standard,,5.43,74.3464,73.83,0.5164,3,,,,,,,,,,,
20260621_174800,2,delay,17.79055047,1.797,1.8,1.8,human_delay_task_uses_real_observed_duration,standard,,5.39,75.7994,74.94,0.8594,8,,,,,,,,,,,
20260621_174800,3,delay,19.54855466,3.594,3.6,3.6,human_delay_task_uses_real_observed_duration,standard,,8.99,79.3994,78.53,0.8694,8,,,,,,,,,,,
20260621_174800,4,delay,31.98766685,1.797,1.8,1.8,human_delay_task_uses_real_observed_duration,standard,,5.39,78.2754,76.19,2.0854,10,,,,,,,,,,,
20260621_174800,5,delay,36.11320782,1.7319,1.74,1.74,human_delay_task_uses_real_observed_duration,standard,,5.2,78.8616,76.8,2.0616,12,,,,,,,,,,,
20260621_174800,6,delay,37.85822296,3.4638,3.46,3.46,human_delay_task_uses_real_observed_duration,standard,,8.66,82.3216,80.26,2.0616,12,,,,,,,,,,,
20260621_174800,7,delay,48.24905109,1.6689,1.67,1.67,human_delay_task_uses_real_observed_duration,standard,,5.01,81.5238,79.58,1.9438,15,,,,,,,,,,,
20260621_174800,8,delay,61.08762002,1.7319,1.74,1.74,human_delay_task_uses_real_observed_duration,standard,,5.2,82.32,79.51,2.81,18,,,,,,,,,,,
20260621_174800,9,delay,62.79943466,3.4638,3.46,3.46,human_delay_task_uses_real_observed_duration,standard,,8.66,85.78,82.97,2.81,18,,,,,,,,,,,
20260621_174800,10,delay,74.74538827,1.797,1.8,1.8,human_delay_task_uses_real_observed_duration,standard,,5.39,84.836,80.15,4.686,23,,,,,,,,,,,
20260621_180040,1,delay,27.93054104,1.797,1.8,1.8,human_delay_task_uses_real_observed_duration,standard,,5.39,75.4094,72.08,3.3294,10,,,,,,,,,,,
20260621_180040,2,delay,29.70154738,3.594,3.59,3.59,human_delay_task_uses_real_observed_duration,standard,,8.98,78.9994,75.68,3.3194,10,,,,,,,,,,,
20260621_180040,3,delay,43.34659719,1.79,1.79,1.79,human_delay_task_uses_real_observed_duration,standard,,5.37,78.6794,74.57,4.1094,14,,,,,,,,,,,
20260621_180040,4,delay,47.86027431,1.6689,1.67,1.67,human_delay_task_uses_real_observed_duration,standard,,5.01,79.6216,75.57,4.0516,15,,,,,,,,,,,
20260621_180040,5,delay,49.54167032,3.3378,3.33,3.33,human_delay_task_uses_real_observed_duration,standard,,8.34,82.9516,78.91,4.0416,15,,,,,,,,,,,
20260621_180040,6,delay,59.2316103,1.7319,1.74,1.74,human_delay_task_uses_real_observed_duration,standard,,5.2,83.0178,77.68,5.3378,18,,,,,,,,,,,
20260621_180040,7,delay,61.03772402,3.4638,3.46,3.46,human_delay_task_uses_real_observed_duration,standard,,8.66,86.4778,81.14,5.3378,18,,,,,,,,,,,
20260621_180040,8,delay,65.6366508,1.797,1.8,1.8,human_delay_task_uses_real_observed_duration,standard,,5.39,85.8138,80.55,5.2638,19,,,,,,,,,,,
20260621_180040,9,delay,75.14176321,1.8096,1.81,1.81,human_delay_task_uses_real_observed_duration,standard,,5.43,87.3046,80.51,6.7946,22,,,,,,,,,,,
20260621_180040,10,delay,79.57205558,1.797,1.8,1.8,human_delay_task_uses_real_observed_duration,standard,,5.39,88.0706,81.35,6.7206,23,,,,,,,,,,,
20260621_180040,11,delay,81.44679523,3.594,3.59,3.59,human_delay_task_uses_real_observed_duration,standard,,8.98,91.6606,84.95,6.7106,23,,,,,,,,,,,
20260621_180040,12,delay,85.03692031,7.188,7.19,7.19,human_delay_task_uses_real_observed_duration,standard,,16.17,98.8506,92.14,6.7106,23,,,,,,,,,,,
20260621_180040,13,delay,92.16597199,7.188,7.19,7.19,human_delay_task_uses_real_observed_duration,standard,,23.36,106.0406,99.32,6.7206,23,,,,,,,,,,,
20260621_183301,1,delay,39.55023456,1.79,1.79,1.79,human_delay_task_uses_real_observed_duration,standard,,5.37,76.0134,70.71,5.3034,14,,,,,,,,,,,
20260621_183301,2,delay,41.36328912,3.58,3.58,3.58,human_delay_task_uses_real_observed_duration,standard,,8.95,79.5934,74.29,5.3034,14,,,,,,,,,,,
20260621_183301,3,delay,44.94705629,7.16,7.16,7.16,human_delay_task_uses_real_observed_duration,standard,,16.11,86.7534,79.57,7.1834,14,,,,,,,,,,,
20260621_183301,4,delay,52.05881381,7.16,7.16,7.16,human_delay_task_uses_real_observed_duration,standard,,23.27,93.9134,85.27,8.6434,14,,,,,,,,,,,
20260621_183301,5,delay,76.20589137,1.8096,1.81,1.81,human_delay_task_uses_real_observed_duration,standard,,5.43,93.9542,81.58,12.3742,22,,,,,,,,,,,
20260621_183749,1,delay,6.629566669,1.8096,1.81,1.81,human_delay_task_uses_real_observed_duration,standard,,5.43,74.3464,73.35,0.9964,3,,,,,,,,,,,
20260621_183749,2,delay,17.00077128,1.797,1.8,1.8,human_delay_task_uses_real_observed_duration,standard,,5.39,75.3094,74.13,1.1794,8,,,,,,,,,,,
20260621_183749,3,order,17.71737194,0,0.93,3.39,order_wrong_first_actual_plus_fixed_3.39_on_earlier_task,standard,,,77.6994,73.25,4.4494,8,8,6,8,6,4.39,3.59,4.39,3.4638,3.39,1.8,0.93
20260621_183749,4,delay,42.95942831,1.79,1.79,1.79,human_delay_task_uses_real_observed_duration,standard,,5.37,79.4894,70.86,8.6294,14,,,,,,,,,,,
20260621_184824,1,delay,37.76141024,1.6689,1.67,1.67,human_delay_task_uses_real_observed_duration,standard,,5.01,75.3856,69.1,6.2856,15,,,,,,,,,,,
20260621_184824,2,order,38.43102574,0,0.46,3.39,order_wrong_first_actual_plus_fixed_3.39_on_earlier_task,standard,,,77.8056,67.89,9.9156,15,15,14,15,14,4.04,3.34,4.04,3.58,3.39,1.67,0.46
20260621_185411,1,order,16.3934958,0,0,3.39,order_wrong_first_actual_plus_fixed_3.39_on_earlier_task,standard,,,76.7894,71.93,4.8594,8,8,6,8,6,2.94,3.594,2.94,3.4638,3.39,0.52,0
20260621_191117,1,delay,39.45130038,1.79,1.79,1.79,human_delay_task_uses_real_observed_duration,standard,,5.37,75.8634,70.67,5.1934,14,,,,,,,,,,,
20260621_191117,2,delay,41.22224855,3.58,3.58,3.58,human_delay_task_uses_real_observed_duration,standard,,8.95,79.4434,74.25,5.1934,14,,,,,,,,,,,
20260621_191117,3,delay,44.80270505,7.16,7.16,7.16,human_delay_task_uses_real_observed_duration,standard,,16.11,86.6034,79.43,7.1734,14,,,,,,,,,,,
20260621_191117,4,delay,70.80495667,2.9619,2.97,2.97,human_delay_task_uses_real_observed_duration,standard,,8.89,89.2996,80.94,8.3596,21,,,,,,,,,,,
20260621_191926,1,order,3.600242853,0,0,3.39,order_wrong_first_actual_plus_fixed_3.39_on_earlier_task,standard,,,75.5326,72.63,2.9026,2,2,3,2,3,3.6,3.993,3.6,3.6192,3.39,0.02,0
20260621_191926,2,delay,29.60576677,1.797,1.8,1.8,human_delay_task_uses_real_observed_duration,standard,,5.39,77.3286,73.82,3.5086,10,,,,,,,,,,,
20260621_192651,1,delay,39.10689569,1.6689,1.67,1.67,human_delay_task_uses_real_observed_duration,standard,,5.01,75.1556,70.45,4.7056,15,,,,,,,,,,,
20260621_192651,2,delay,62.34936333,1.8096,1.81,1.81,human_delay_task_uses_real_observed_duration,standard,,5.43,75.9164,67.68,8.2364,22,,,,,,,,,,,
20260621_192651,3,order,62.94454789,0,0.7,3.39,order_wrong_first_actual_plus_fixed_3.39_on_earlier_task,standard,,,77.5216,66.56,10.9616,23,22,23,23,22,3.62,3.594,3.62,3.6192,3.39,1.81,0.7
20260621_193635,1,delay,17.32901955,1.797,1.8,1.8,human_delay_task_uses_real_observed_duration,standard,,5.39,75.4494,74.51,0.9394,8,,,,,,,,,,,
20260621_193635,2,delay,29.55563164,1.797,1.8,1.8,human_delay_task_uses_real_observed_duration,standard,,5.39,76.2154,73.72,2.4954,10,,,,,,,,,,,
20260621_193635,3,delay,42.92368197,1.79,1.79,1.79,human_delay_task_uses_real_observed_duration,standard,,5.37,77.2854,74.12,3.1654,14,,,,,,,,,,,
20260621_193635,4,delay,69.95457768,1.797,1.8,1.8,human_delay_task_uses_real_observed_duration,standard,,5.39,78.5214,71.73,6.7914,23,,,,,,,,,,,
20260621_212643,1,delay,54.50336838,1.797,1.8,1.8,human_delay_task_uses_real_observed_duration,standard,,5.39,75.3494,69.38,5.9694,19,,,,,,,,,,,
20260621_213147,1,delay,6.726128817,1.8096,1.81,1.81,human_delay_task_uses_real_observed_duration,standard,,5.43,74.3464,73.46,0.8864,3,,,,,,,,,,,
20260621_213147,2,delay,30.15559268,1.797,1.8,1.8,human_delay_task_uses_real_observed_duration,standard,,5.39,75.5794,70.9,4.6794,10,,,,,,,,,,,
20260621_213147,3,delay,36.99629784,2.9619,2.97,2.97,human_delay_task_uses_real_observed_duration,standard,,8.89,77.4356,72.97,4.4656,13,,,,,,,,,,,
20260621_213147,4,delay,41.7128818,1.6689,1.67,1.67,human_delay_task_uses_real_observed_duration,standard,,5.01,77.4578,73.02,4.4378,15,,,,,,,,,,,
20260621_213147,5,delay,51.94584203,2.9619,2.97,2.97,human_delay_task_uses_real_observed_duration,standard,,8.89,79.454,75.09,4.364,17,,,,,,,,,,,
20260621_213147,6,delay,67.7148695,1.8096,1.81,1.81,human_delay_task_uses_real_observed_duration,standard,,5.43,79.4948,73.06,6.4348,22,,,,,,,,,,,
20260621_213147,7,delay,71.99856424,1.797,1.8,1.8,human_delay_task_uses_real_observed_duration,standard,,5.39,80.1808,73.78,6.4008,23,,,,,,,,,,,
20260621_214416,1,delay,16.86846042,1.797,1.8,1.8,human_delay_task_uses_real_observed_duration,standard,,5.39,75.2694,74.02,1.2494,8,,,,,,,,,,,
20260621_214416,2,delay,21.03217435,1.7319,1.74,1.74,human_delay_task_uses_real_observed_duration,standard,,5.2,75.9256,74.69,1.2356,6,,,,,,,,,,,
20260621_214416,3,delay,41.95765233,1.79,1.79,1.79,human_delay_task_uses_real_observed_duration,standard,,5.37,76.6456,73.14,3.5056,14,,,,,,,,,,,
20260621_214416,4,delay,43.70390224,3.58,3.58,3.58,human_delay_task_uses_real_observed_duration,standard,,8.95,80.2256,76.72,3.5056,14,,,,,,,,,,,
20260621_214416,5,delay,47.309654,7.16,7.16,7.16,human_delay_task_uses_real_observed_duration,standard,,16.11,87.3856,81.94,5.4456,14,,,,,,,,,,,
20260621_214416,6,delay,54.43543005,7.16,7.16,7.16,human_delay_task_uses_real_observed_duration,standard,,23.27,94.5456,87.71,6.8356,14,,,,,,,,,,,
20260621_214416,7,delay,65.14453554,1.7319,1.74,1.74,human_delay_task_uses_real_observed_duration,standard,,5.2,89.7218,83.6,6.1218,18,,,,,,,,,,,
20260621_214951,1,order,17.58556962,0,0,3.39,order_wrong_first_actual_plus_fixed_3.39_on_earlier_task,standard,,,76.9394,73.12,3.8194,8,8,6,8,6,3.05,3.594,3.05,3.4638,3.39,0.41,0
20260621_214951,2,delay,38.66707945,1.6689,1.67,1.67,human_delay_task_uses_real_observed_duration,standard,,5.01,78.6116,70.02,8.5916,15,,,,,,,,,,,
20260621_214951,3,delay,40.37524271,3.3378,3.33,3.33,human_delay_task_uses_real_observed_duration,standard,,8.34,81.9416,73.36,8.5816,15,,,,,,,,,,,
20260621_214951,4,delay,43.66804147,6.6756,6.68,6.68,human_delay_task_uses_real_observed_duration,standard,,15.02,88.6216,78.57,10.0516,15,,,,,,,,,,,
20260621_220456,1,delay,17.77207065,1.797,1.8,1.8,human_delay_task_uses_real_observed_duration,standard,,5.39,75.3494,74.97,0.3794,8,,,,,,,,,,,
20260621_220456,2,delay,41.26554537,1.79,1.79,1.79,human_delay_task_uses_real_observed_duration,standard,,5.37,76.1394,72.44,3.6994,14,,,,,,,,,,,
20260621_220456,3,delay,43.04945278,3.58,3.58,3.58,human_delay_task_uses_real_observed_duration,standard,,8.95,79.7194,76.02,3.6994,14,,,,,,,,,,,
20260621_220456,4,delay,47.21821165,1.6689,1.67,1.67,human_delay_task_uses_real_observed_duration,standard,,5.01,78.5916,74.98,3.6116,15,,,,,,,,,,,
20260621_220456,5,delay,48.86276722,3.3378,3.33,3.33,human_delay_task_uses_real_observed_duration,standard,,8.34,81.9216,78.32,3.6016,15,,,,,,,,,,,
20260621_220456,6,delay,52.28999972,6.6756,6.68,6.68,human_delay_task_uses_real_observed_duration,standard,,15.02,88.6016,84.99,3.6116,15,,,,,,,,,,,
20260621_220456,7,delay,65.52336287,1.797,1.8,1.8,human_delay_task_uses_real_observed_duration,standard,,5.39,84.9976,80.42,4.5776,19,,,,,,,,,,,
20260621_220456,8,delay,67.3026216,3.594,3.59,3.59,human_delay_task_uses_real_observed_duration,standard,,8.98,88.5876,84.02,4.5676,19,,,,,,,,,,,
20260621_220456,9,delay,76.2930491,1.797,1.8,1.8,human_delay_task_uses_real_observed_duration,standard,,5.39,87.7836,81.61,6.1736,23,,,,,,,,,,,
20260621_220456,10,delay,81.0784595,1.8096,1.81,1.81,human_delay_task_uses_real_observed_duration,standard,,5.43,88.9344,82.83,6.1044,22,,,,,,,,,,,
20260621_220936,1,delay,36.30577922,2.9619,2.97,2.97,human_delay_task_uses_real_observed_duration,standard,,8.89,76.8196,72.19,4.6296,13,,,,,,,,,,,
20260621_220936,2,delay,39.18247318,5.9238,5.92,5.92,human_delay_task_uses_real_observed_duration,standard,,14.81,82.7396,78.11,4.6296,13,,,,,,,,,,,
20260621_220936,3,delay,45.20331073,11.8476,11.85,11.85,human_delay_task_uses_real_observed_duration,standard,,26.66,94.5896,89.96,4.6296,13,,,,,,,,,,,
20260621_220936,4,delay,50.01205039,1.6689,1.67,1.67,human_delay_task_uses_real_observed_duration,standard,,5.01,85.8718,81.33,4.5418,15,,,,,,,,,,,
20260621_220936,5,delay,51.64162922,3.3378,3.33,3.33,human_delay_task_uses_real_observed_duration,standard,,8.34,89.2018,84.67,4.5318,15,,,,,,,,,,,
20260621_220936,6,delay,55.06178284,6.6756,6.68,6.68,human_delay_task_uses_real_observed_duration,standard,,15.02,95.8818,89.97,5.9118,15,,,,,,,,,,,
20260621_220936,7,delay,61.67195225,6.6756,6.68,6.68,human_delay_task_uses_real_observed_duration,standard,,21.7,102.5618,94.44,8.1218,15,,,,,,,,,,,
20260621_220936,8,delay,68.42103601,6.6756,6.67,6.67,human_delay_task_uses_real_observed_duration,standard,,28.37,109.2318,101.12,8.1118,15,,,,,,,,,,,
20260621_221335,1,delay,6.841884375,1.8096,1.81,1.81,human_delay_task_uses_real_observed_duration,standard,,5.43,74.3464,73.51,0.8364,3,,,,,,,,,,,
20260621_221335,2,delay,28.78589439,1.797,1.8,1.8,human_delay_task_uses_real_observed_duration,standard,,5.39,75.3794,72.97,2.4094,10,,,,,,,,,,,
20260621_221335,3,delay,39.21697855,2.9619,2.97,2.97,human_delay_task_uses_real_observed_duration,standard,,8.89,78.2656,75.17,3.0956,13,,,,,,,,,,,
20260621_221335,4,delay,42.17984104,5.9238,5.92,5.92,human_delay_task_uses_real_observed_duration,standard,,14.81,84.1856,81.1,3.0856,13,,,,,,,,,,,
20260621_221335,5,delay,57.46671057,1.7319,1.74,1.74,human_delay_task_uses_real_observed_duration,standard,,5.2,81.4018,76.09,5.3118,18,,,,,,,,,,,
20260621_221747,1,delay,4.020846367,1.9965,2,2,human_delay_task_uses_real_observed_duration,standard,,5.99,74.5326,74.53,0.0026,2,,,,,,,,,,,
20260621_221747,2,delay,16.82637405,1.797,1.8,1.8,human_delay_task_uses_real_observed_duration,standard,,5.39,75.4694,73.97,1.4994,8,,,,,,,,,,,
20260621_221747,3,delay,28.41943336,1.7319,1.74,1.74,human_delay_task_uses_real_observed_duration,standard,,5.2,76.1656,72.7,3.4656,12,,,,,,,,,,,
20260621_221747,4,delay,30.24550343,3.4638,3.46,3.46,human_delay_task_uses_real_observed_duration,standard,,8.66,79.6256,76.17,3.4556,12,,,,,,,,,,,
20260621_221747,5,delay,45.9286654,1.6689,1.67,1.67,human_delay_task_uses_real_observed_duration,standard,,5.01,78.6778,73.72,4.9578,15,,,,,,,,,,,
20260621_221747,6,delay,58.88276267,1.797,1.8,1.8,human_delay_task_uses_real_observed_duration,standard,,5.39,79.4638,73.79,5.6738,19,,,,,,,,,,,
20260621_222241,1,delay,6.223499775,1.8096,1.81,1.81,human_delay_task_uses_real_observed_duration,standard,,5.43,74.3464,72.89,1.4564,3,,,,,,,,,,,
20260621_222241,2,delay,43.13081336,1.6689,1.67,1.67,human_delay_task_uses_real_observed_duration,standard,,5.01,75.5256,70.92,4.6056,15,,,,,,,,,,,
20260621_222241,3,order,52.88444662,0,0,3.39,order_wrong_first_actual_plus_fixed_3.39_on_earlier_task,standard,,,77.6518,69.49,8.1618,18,18,19,18,19,3.23,3.4638,3.23,3.594,3.39,0.36,0
20260621_222707,1,delay,6.213321924,1.8096,1.81,1.81,human_delay_task_uses_real_observed_duration,standard,,5.43,74.3464,72.92,1.4264,3,,,,,,,,,,,
20260621_223136,1,delay,4.030150175,1.9965,2,2,human_delay_task_uses_real_observed_duration,standard,,5.99,74.5326,74.53,0.0026,2,,,,,,,,,,,
20260621_223136,2,delay,6.020073652,3.993,3.99,3.99,human_delay_task_uses_real_observed_duration,standard,,9.98,78.5226,78.52,0.0026,2,,,,,,,,,,,
20260621_223136,3,delay,10.00132799,7.986,7.99,7.99,human_delay_task_uses_real_observed_duration,standard,,17.97,86.5126,83.15,3.3626,2,,,,,,,,,,,
20260621_223136,4,delay,64.28593349,1.797,1.8,1.8,human_delay_task_uses_real_observed_duration,standard,,5.39,88.0786,79.18,8.8986,19,,,,,,,,,,,
20260621_223136,5,delay,66.09980369,3.594,3.59,3.59,human_delay_task_uses_real_observed_duration,standard,,8.98,91.6686,82.78,8.8886,19,,,,,,,,,,,
20260621_223136,6,delay,69.67038822,7.188,7.19,7.19,human_delay_task_uses_real_observed_duration,standard,,16.17,98.8586,89.96,8.8986,19,,,,,,,,,,,
20260621_223602,1,delay,17.46025038,1.7319,1.74,1.74,human_delay_task_uses_real_observed_duration,standard,,5.2,75.7996,74.71,1.0896,6,,,,,,,,,,,
20260621_223602,2,delay,19.22456074,3.4638,3.46,3.46,human_delay_task_uses_real_observed_duration,standard,,8.66,79.2596,78.17,1.0896,6,,,,,,,,,,,
20260621_223602,3,delay,22.66426396,6.9276,6.93,6.93,human_delay_task_uses_real_observed_duration,standard,,15.59,86.1896,82.46,3.7296,6,,,,,,,,,,,
20260621_223602,4,delay,39.69927454,1.797,1.8,1.8,human_delay_task_uses_real_observed_duration,standard,,5.39,84.0456,83.9,0.1456,10,,,,,,,,,,,
20260621_223602,5,delay,65.90563893,1.797,1.8,1.8,human_delay_task_uses_real_observed_duration,standard,,5.39,84.7116,80.81,3.9016,19,,,,,,,,,,,
20260621_223602,6,delay,75.21251774,1.797,1.8,1.8,human_delay_task_uses_real_observed_duration,standard,,5.39,85.3776,80.56,4.8176,23,,,,,,,,,,,
