case_id,status,error,num_events,offline_makespan,initial_offline_best_cost,initial_real_nores_baseline_makespan,final_nores_makespan,final_dynamic_makespan,final_nores_minus_dynamic,human_time_mode,events_csv,gantt_txt,output_dir,summary_csv,comparison_gantt_data,event_delay_report,final_comparison_png
20260616_163957,ok,,9,72.63,72.63,72.6334,88.29879999999999,73.74,14.55879999999999,standard,C:\Users\c2466\Desktop\task_monitor\data\dynamic_events_20260616_163957.csv,C:\Users\c2466\Desktop\task_monitor\data\gantt_data_20260616_163957.txt,C:\Users\c2466\Desktop\task_monitor\batch_nores_outputs_standard\20260616_163957,C:\Users\c2466\Desktop\task_monitor\batch_nores_outputs_standard\20260616_163957\real_nores_summary.csv,C:\Users\c2466\Desktop\task_monitor\batch_nores_outputs_standard\20260616_163957\comparison_gantt_data.txt,C:\Users\c2466\Desktop\task_monitor\batch_nores_outputs_standard\20260616_163957\real_event_delay_report.csv,C:\Users\c2466\Desktop\task_monitor\batch_nores_outputs_standard\20260616_163957\comparison_gantt.png
20260616_165213,ok,,10,72.63,72.63,72.6334,91.3046,74.18,17.124599999999987,standard,C:\Users\c2466\Desktop\task_monitor\data\dynamic_events_20260616_165213.csv,C:\Users\c2466\Desktop\task_monitor\data\gantt_data_20260616_165213.txt,C:\Users\c2466\Desktop\task_monitor\batch_nores_outputs_standard\20260616_165213,C:\Users\c2466\Desktop\task_monitor\batch_nores_outputs_standard\20260616_165213\real_nores_summary.csv,C:\Users\c2466\Desktop\task_monitor\batch_nores_outputs_standard\20260616_165213\comparison_gantt_data.txt,C:\Users\c2466\Desktop\task_monitor\batch_nores_outputs_standard\20260616_165213\real_event_delay_report.csv,C:\Users\c2466\Desktop\task_monitor\batch_nores_outputs_standard\20260616_165213\comparison_gantt.png
20260617_161127,ok,,15,72.63,72.63,72.6334,100.93980000000002,92.22,8.71980000000002,standard,C:\Users\c2466\Desktop\task_monitor\data\dynamic_events_20260617_161127.csv,C:\Users\c2466\Desktop\task_monitor\data\gantt_data_20260617_161127.txt,C:\Users\c2466\Desktop\task_monitor\batch_nores_outputs_standard\20260617_161127,C:\Users\c2466\Desktop\task_monitor\batch_nores_outputs_standard\20260617_161127\real_nores_summary.csv,C:\Users\c2466\Desktop\task_monitor\batch_nores_outputs_standard\20260617_161127\comparison_gantt_data.txt,C:\Users\c2466\Desktop\task_monitor\batch_nores_outputs_standard\20260617_161127\real_event_delay_report.csv,C:\Users\c2466\Desktop\task_monitor\batch_nores_outputs_standard\20260617_161127\comparison_gantt.png
20260617_161833,ok,,4,72.63,72.63,72.6334,86.6356,75.59,11.045599999999993,standard,C:\Users\c2466\Desktop\task_monitor\data\dynamic_events_20260617_161833.csv,C:\Users\c2466\Desktop\task_monitor\data\gantt_data_20260617_161833.txt,C:\Users\c2466\Desktop\task_monitor\batch_nores_outputs_standard\20260617_161833,C:\Users\c2466\Desktop\task_monitor\batch_nores_outputs_standard\20260617_161833\real_nores_summary.csv,C:\Users\c2466\Desktop\task_monitor\batch_nores_outputs_standard\20260617_161833\comparison_gantt_data.txt,C:\Users\c2466\Desktop\task_monitor\batch_nores_outputs_standard\20260617_161833\real_event_delay_report.csv,C:\Users\c2466\Desktop\task_monitor\batch_nores_outputs_standard\20260617_161833\comparison_gantt.png
20260617_162610,ok,,11,72.63,72.63,72.6334,100.89979999999998,84.35,16.54979999999999,standard,C:\Users\c2466\Desktop\task_monitor\data\dynamic_events_20260617_162610.csv,C:\Users\c2466\Desktop\task_monitor\data\gantt_data_20260617_162610.txt,C:\Users\c2466\Desktop\task_monitor\batch_nores_outputs_standard\20260617_162610,C:\Users\c2466\Desktop\task_monitor\batch_nores_outputs_standard\20260617_162610\real_nores_summary.csv,C:\Users\c2466\Desktop\task_monitor\batch_nores_outputs_standard\20260617_162610\comparison_gantt_data.txt,C:\Users\c2466\Desktop\task_monitor\batch_nores_outputs_standard\20260617_162610\real_event_delay_report.csv,C:\Users\c2466\Desktop\task_monitor\batch_nores_outputs_standard\20260617_162610\comparison_gantt.png
20260617_163225,ok,,10,72.63,72.63,72.6334,91.35459999999999,84.27,7.084599999999995,standard,C:\Users\c2466\Desktop\task_monitor\data\dynamic_events_20260617_163225.csv,C:\Users\c2466\Desktop\task_monitor\data\gantt_data_20260617_163225.txt,C:\Users\c2466\Desktop\task_monitor\batch_nores_outputs_standard\20260617_163225,C:\Users\c2466\Desktop\task_monitor\batch_nores_outputs_standard\20260617_163225\real_nores_summary.csv,C:\Users\c2466\Desktop\task_monitor\batch_nores_outputs_standard\20260617_163225\comparison_gantt_data.txt,C:\Users\c2466\Desktop\task_monitor\batch_nores_outputs_standard\20260617_163225\real_event_delay_report.csv,C:\Users\c2466\Desktop\task_monitor\batch_nores_outputs_standard\20260617_163225\comparison_gantt.png
20260617_163852,ok,,7,72.63,72.63,72.6334,91.30639999999998,86.08,5.226399999999984,standard,C:\Users\c2466\Desktop\task_monitor\data\dynamic_events_20260617_163852.csv,C:\Users\c2466\Desktop\task_monitor\data\gantt_data_20260617_163852.txt,C:\Users\c2466\Desktop\task_monitor\batch_nores_outputs_standard\20260617_163852,C:\Users\c2466\Desktop\task_monitor\batch_nores_outputs_standard\20260617_163852\real_nores_summary.csv,C:\Users\c2466\Desktop\task_monitor\batch_nores_outputs_standard\20260617_163852\comparison_gantt_data.txt,C:\Users\c2466\Desktop\task_monitor\batch_nores_outputs_standard\20260617_163852\real_event_delay_report.csv,C:\Users\c2466\Desktop\task_monitor\batch_nores_outputs_standard\20260617_163852\comparison_gantt.png
20260617_164554,ok,,4,72.63,72.63,72.6334,81.03659999999999,68.82,12.2166,standard,C:\Users\c2466\Desktop\task_monitor\data\dynamic_events_20260617_164554.csv,C:\Users\c2466\Desktop\task_monitor\data\gantt_data_20260617_164554.txt,C:\Users\c2466\Desktop\task_monitor\batch_nores_outputs_standard\20260617_164554,C:\Users\c2466\Desktop\task_monitor\batch_nores_outputs_standard\20260617_164554\real_nores_summary.csv,C:\Users\c2466\Desktop\task_monitor\batch_nores_outputs_standard\20260617_164554\comparison_gantt_data.txt,C:\Users\c2466\Desktop\task_monitor\batch_nores_outputs_standard\20260617_164554\real_event_delay_report.csv,C:\Users\c2466\Desktop\task_monitor\batch_nores_outputs_standard\20260617_164554\comparison_gantt.png
20260617_165310,ok,,3,72.63,72.63,72.6334,77.9516,66.1,11.851600000000005,standard,C:\Users\c2466\Desktop\task_monitor\data\dynamic_events_20260617_165310.csv,C:\Users\c2466\Desktop\task_monitor\data\gantt_data_20260617_165310.txt,C:\Users\c2466\Desktop\task_monitor\batch_nores_outputs_standard\20260617_165310,C:\Users\c2466\Desktop\task_monitor\batch_nores_outputs_standard\20260617_165310\real_nores_summary.csv,C:\Users\c2466\Desktop\task_monitor\batch_nores_outputs_standard\20260617_165310\comparison_gantt_data.txt,C:\Users\c2466\Desktop\task_monitor\batch_nores_outputs_standard\20260617_165310\real_event_delay_report.csv,C:\Users\c2466\Desktop\task_monitor\batch_nores_outputs_standard\20260617_165310\comparison_gantt.png
20260617_170056,ok,,2,72.63,72.63,72.6334,76.2358,66.65,9.585799999999992,standard,C:\Users\c2466\Desktop\task_monitor\data\dynamic_events_20260617_170056.csv,C:\Users\c2466\Desktop\task_monitor\data\gantt_data_20260617_170056.txt,C:\Users\c2466\Desktop\task_monitor\batch_nores_outputs_standard\20260617_170056,C:\Users\c2466\Desktop\task_monitor\batch_nores_outputs_standard\20260617_170056\real_nores_summary.csv,C:\Users\c2466\Desktop\task_monitor\batch_nores_outputs_standard\20260617_170056\comparison_gantt_data.txt,C:\Users\c2466\Desktop\task_monitor\batch_nores_outputs_standard\20260617_170056\real_event_delay_report.csv,C:\Users\c2466\Desktop\task_monitor\batch_nores_outputs_standard\20260617_170056\comparison_gantt.png
20260617_170735,ok,,5,72.63,72.63,72.6334,81.3758,69.68,11.695799999999991,standard,C:\Users\c2466\Desktop\task_monitor\data\dynamic_events_20260617_170735.csv,C:\Users\c2466\Desktop\task_monitor\data\gantt_data_20260617_170735.txt,C:\Users\c2466\Desktop\task_monitor\batch_nores_outputs_standard\20260617_170735,C:\Users\c2466\Desktop\task_monitor\batch_nores_outputs_standard\20260617_170735\real_nores_summary.csv,C:\Users\c2466\Desktop\task_monitor\batch_nores_outputs_standard\20260617_170735\comparison_gantt_data.txt,C:\Users\c2466\Desktop\task_monitor\batch_nores_outputs_standard\20260617_170735\real_event_delay_report.csv,C:\Users\c2466\Desktop\task_monitor\batch_nores_outputs_standard\20260617_170735\comparison_gantt.png
20260617_214847,ok,,20,72.63,72.63,72.6334,106.91699999999999,92.43,14.48699999999998,standard,C:\Users\c2466\Desktop\task_monitor\data\dynamic_events_20260617_214847.csv,C:\Users\c2466\Desktop\task_monitor\data\gantt_data_20260617_214847.txt,C:\Users\c2466\Desktop\task_monitor\batch_nores_outputs_standard\20260617_214847,C:\Users\c2466\Desktop\task_monitor\batch_nores_outputs_standard\20260617_214847\real_nores_summary.csv,C:\Users\c2466\Desktop\task_monitor\batch_nores_outputs_standard\20260617_214847\comparison_gantt_data.txt,C:\Users\c2466\Desktop\task_monitor\batch_nores_outputs_standard\20260617_214847\real_event_delay_report.csv,C:\Users\c2466\Desktop\task_monitor\batch_nores_outputs_standard\20260617_214847\comparison_gantt.png
20260617_215539,ok,,26,72.63,72.63,72.6334,147.394,148.17,-0.775999999999982,standard,C:\Users\c2466\Desktop\task_monitor\data\dynamic_events_20260617_215539.csv,C:\Users\c2466\Desktop\task_monitor\data\gantt_data_20260617_215539.txt,C:\Users\c2466\Desktop\task_monitor\batch_nores_outputs_standard\20260617_215539,C:\Users\c2466\Desktop\task_monitor\batch_nores_outputs_standard\20260617_215539\real_nores_summary.csv,C:\Users\c2466\Desktop\task_monitor\batch_nores_outputs_standard\20260617_215539\comparison_gantt_data.txt,C:\Users\c2466\Desktop\task_monitor\batch_nores_outputs_standard\20260617_215539\real_event_delay_report.csv,C:\Users\c2466\Desktop\task_monitor\batch_nores_outputs_standard\20260617_215539\comparison_gantt.png
20260617_220342,ok,,27,72.63,72.63,72.6334,172.15879999999999,166.98,5.178799999999995,standard,C:\Users\c2466\Desktop\task_monitor\data\dynamic_events_20260617_220342.csv,C:\Users\c2466\Desktop\task_monitor\data\gantt_data_20260617_220342.txt,C:\Users\c2466\Desktop\task_monitor\batch_nores_outputs_standard\20260617_220342,C:\Users\c2466\Desktop\task_monitor\batch_nores_outputs_standard\20260617_220342\real_nores_summary.csv,C:\Users\c2466\Desktop\task_monitor\batch_nores_outputs_standard\20260617_220342\comparison_gantt_data.txt,C:\Users\c2466\Desktop\task_monitor\batch_nores_outputs_standard\20260617_220342\real_event_delay_report.csv,C:\Users\c2466\Desktop\task_monitor\batch_nores_outputs_standard\20260617_220342\comparison_gantt.png
20260617_221043,ok,,10,72.63,72.63,72.6334,98.25099999999999,85.88,12.370999999999995,standard,C:\Users\c2466\Desktop\task_monitor\data\dynamic_events_20260617_221043.csv,C:\Users\c2466\Desktop\task_monitor\data\gantt_data_20260617_221043.txt,C:\Users\c2466\Desktop\task_monitor\batch_nores_outputs_standard\20260617_221043,C:\Users\c2466\Desktop\task_monitor\batch_nores_outputs_standard\20260617_221043\real_nores_summary.csv,C:\Users\c2466\Desktop\task_monitor\batch_nores_outputs_standard\20260617_221043\comparison_gantt_data.txt,C:\Users\c2466\Desktop\task_monitor\batch_nores_outputs_standard\20260617_221043\real_event_delay_report.csv,C:\Users\c2466\Desktop\task_monitor\batch_nores_outputs_standard\20260617_221043\comparison_gantt.png
20260617_221608,ok,,8,72.63,72.63,72.6334,96.44399999999999,86.18,10.263999999999982,standard,C:\Users\c2466\Desktop\task_monitor\data\dynamic_events_20260617_221608.csv,C:\Users\c2466\Desktop\task_monitor\data\gantt_data_20260617_221608.txt,C:\Users\c2466\Desktop\task_monitor\batch_nores_outputs_standard\20260617_221608,C:\Users\c2466\Desktop\task_monitor\batch_nores_outputs_standard\20260617_221608\real_nores_summary.csv,C:\Users\c2466\Desktop\task_monitor\batch_nores_outputs_standard\20260617_221608\comparison_gantt_data.txt,C:\Users\c2466\Desktop\task_monitor\batch_nores_outputs_standard\20260617_221608\real_event_delay_report.csv,C:\Users\c2466\Desktop\task_monitor\batch_nores_outputs_standard\20260617_221608\comparison_gantt.png
20260617_222235,ok,,20,72.63,72.63,72.6334,152.0204,138.37,13.65039999999999,standard,C:\Users\c2466\Desktop\task_monitor\data\dynamic_events_20260617_222235.csv,C:\Users\c2466\Desktop\task_monitor\data\gantt_data_20260617_222235.txt,C:\Users\c2466\Desktop\task_monitor\batch_nores_outputs_standard\20260617_222235,C:\Users\c2466\Desktop\task_monitor\batch_nores_outputs_standard\20260617_222235\real_nores_summary.csv,C:\Users\c2466\Desktop\task_monitor\batch_nores_outputs_standard\20260617_222235\comparison_gantt_data.txt,C:\Users\c2466\Desktop\task_monitor\batch_nores_outputs_standard\20260617_222235\real_event_delay_report.csv,C:\Users\c2466\Desktop\task_monitor\batch_nores_outputs_standard\20260617_222235\comparison_gantt.png
20260617_223549,ok,,11,72.63,72.63,72.6334,112.768,104.45,8.317999999999998,standard,C:\Users\c2466\Desktop\task_monitor\data\dynamic_events_20260617_223549.csv,C:\Users\c2466\Desktop\task_monitor\data\gantt_data_20260617_223549.txt,C:\Users\c2466\Desktop\task_monitor\batch_nores_outputs_standard\20260617_223549,C:\Users\c2466\Desktop\task_monitor\batch_nores_outputs_standard\20260617_223549\real_nores_summary.csv,C:\Users\c2466\Desktop\task_monitor\batch_nores_outputs_standard\20260617_223549\comparison_gantt_data.txt,C:\Users\c2466\Desktop\task_monitor\batch_nores_outputs_standard\20260617_223549\real_event_delay_report.csv,C:\Users\c2466\Desktop\task_monitor\batch_nores_outputs_standard\20260617_223549\comparison_gantt.png
20260617_224021,ok,,3,72.63,72.63,72.6334,78.2256,70.45,7.775599999999997,standard,C:\Users\c2466\Desktop\task_monitor\data\dynamic_events_20260617_224021.csv,C:\Users\c2466\Desktop\task_monitor\data\gantt_data_20260617_224021.txt,C:\Users\c2466\Desktop\task_monitor\batch_nores_outputs_standard\20260617_224021,C:\Users\c2466\Desktop\task_monitor\batch_nores_outputs_standard\20260617_224021\real_nores_summary.csv,C:\Users\c2466\Desktop\task_monitor\batch_nores_outputs_standard\20260617_224021\comparison_gantt_data.txt,C:\Users\c2466\Desktop\task_monitor\batch_nores_outputs_standard\20260617_224021\real_event_delay_report.csv,C:\Users\c2466\Desktop\task_monitor\batch_nores_outputs_standard\20260617_224021\comparison_gantt.png
20260617_224555,ok,,7,72.63,72.63,72.6334,91.21560000000001,84.47,6.74560000000001,standard,C:\Users\c2466\Desktop\task_monitor\data\dynamic_events_20260617_224555.csv,C:\Users\c2466\Desktop\task_monitor\data\gantt_data_20260617_224555.txt,C:\Users\c2466\Desktop\task_monitor\batch_nores_outputs_standard\20260617_224555,C:\Users\c2466\Desktop\task_monitor\batch_nores_outputs_standard\20260617_224555\real_nores_summary.csv,C:\Users\c2466\Desktop\task_monitor\batch_nores_outputs_standard\20260617_224555\comparison_gantt_data.txt,C:\Users\c2466\Desktop\task_monitor\batch_nores_outputs_standard\20260617_224555\real_event_delay_report.csv,C:\Users\c2466\Desktop\task_monitor\batch_nores_outputs_standard\20260617_224555\comparison_gantt.png
20260617_225121,ok,,11,72.63,72.63,72.6334,93.6846,84.02,9.664600000000007,standard,C:\Users\c2466\Desktop\task_monitor\data\dynamic_events_20260617_225121.csv,C:\Users\c2466\Desktop\task_monitor\data\gantt_data_20260617_225121.txt,C:\Users\c2466\Desktop\task_monitor\batch_nores_outputs_standard\20260617_225121,C:\Users\c2466\Desktop\task_monitor\batch_nores_outputs_standard\20260617_225121\real_nores_summary.csv,C:\Users\c2466\Desktop\task_monitor\batch_nores_outputs_standard\20260617_225121\comparison_gantt_data.txt,C:\Users\c2466\Desktop\task_monitor\batch_nores_outputs_standard\20260617_225121\real_event_delay_report.csv,C:\Users\c2466\Desktop\task_monitor\batch_nores_outputs_standard\20260617_225121\comparison_gantt.png
20260617_225645,ok,,4,72.63,72.63,72.6334,90.3394,81.77,8.569400000000002,standard,C:\Users\c2466\Desktop\task_monitor\data\dynamic_events_20260617_225645.csv,C:\Users\c2466\Desktop\task_monitor\data\gantt_data_20260617_225645.txt,C:\Users\c2466\Desktop\task_monitor\batch_nores_outputs_standard\20260617_225645,C:\Users\c2466\Desktop\task_monitor\batch_nores_outputs_standard\20260617_225645\real_nores_summary.csv,C:\Users\c2466\Desktop\task_monitor\batch_nores_outputs_standard\20260617_225645\comparison_gantt_data.txt,C:\Users\c2466\Desktop\task_monitor\batch_nores_outputs_standard\20260617_225645\real_event_delay_report.csv,C:\Users\c2466\Desktop\task_monitor\batch_nores_outputs_standard\20260617_225645\comparison_gantt.png
20260617_230214,ok,,8,72.63,72.63,72.6334,87.7818,72.09,15.6918,standard,C:\Users\c2466\Desktop\task_monitor\data\dynamic_events_20260617_230214.csv,C:\Users\c2466\Desktop\task_monitor\data\gantt_data_20260617_230214.txt,C:\Users\c2466\Desktop\task_monitor\batch_nores_outputs_standard\20260617_230214,C:\Users\c2466\Desktop\task_monitor\batch_nores_outputs_standard\20260617_230214\real_nores_summary.csv,C:\Users\c2466\Desktop\task_monitor\batch_nores_outputs_standard\20260617_230214\comparison_gantt_data.txt,C:\Users\c2466\Desktop\task_monitor\batch_nores_outputs_standard\20260617_230214\real_event_delay_report.csv,C:\Users\c2466\Desktop\task_monitor\batch_nores_outputs_standard\20260617_230214\comparison_gantt.png
20260618_143804,ok,,4,72.63,72.63,72.6334,77.268,66.23,11.037999999999997,standard,C:\Users\c2466\Desktop\task_monitor\data\dynamic_events_20260618_143804.csv,C:\Users\c2466\Desktop\task_monitor\data\gantt_data_20260618_143804.txt,C:\Users\c2466\Desktop\task_monitor\batch_nores_outputs_standard\20260618_143804,C:\Users\c2466\Desktop\task_monitor\batch_nores_outputs_standard\20260618_143804\real_nores_summary.csv,C:\Users\c2466\Desktop\task_monitor\batch_nores_outputs_standard\20260618_143804\comparison_gantt_data.txt,C:\Users\c2466\Desktop\task_monitor\batch_nores_outputs_standard\20260618_143804\real_event_delay_report.csv,C:\Users\c2466\Desktop\task_monitor\batch_nores_outputs_standard\20260618_143804\comparison_gantt.png
20260618_144336,ok,,3,72.63,72.63,72.6334,77.0356,65.14,11.895600000000002,standard,C:\Users\c2466\Desktop\task_monitor\data\dynamic_events_20260618_144336.csv,C:\Users\c2466\Desktop\task_monitor\data\gantt_data_20260618_144336.txt,C:\Users\c2466\Desktop\task_monitor\batch_nores_outputs_standard\20260618_144336,C:\Users\c2466\Desktop\task_monitor\batch_nores_outputs_standard\20260618_144336\real_nores_summary.csv,C:\Users\c2466\Desktop\task_monitor\batch_nores_outputs_standard\20260618_144336\comparison_gantt_data.txt,C:\Users\c2466\Desktop\task_monitor\batch_nores_outputs_standard\20260618_144336\real_event_delay_report.csv,C:\Users\c2466\Desktop\task_monitor\batch_nores_outputs_standard\20260618_144336\comparison_gantt.png
20260618_144802,ok,,7,72.63,72.63,72.6334,87.28879999999998,68.53,18.75879999999998,standard,C:\Users\c2466\Desktop\task_monitor\data\dynamic_events_20260618_144802.csv,C:\Users\c2466\Desktop\task_monitor\data\gantt_data_20260618_144802.txt,C:\Users\c2466\Desktop\task_monitor\batch_nores_outputs_standard\20260618_144802,C:\Users\c2466\Desktop\task_monitor\batch_nores_outputs_standard\20260618_144802\real_nores_summary.csv,C:\Users\c2466\Desktop\task_monitor\batch_nores_outputs_standard\20260618_144802\comparison_gantt_data.txt,C:\Users\c2466\Desktop\task_monitor\batch_nores_outputs_standard\20260618_144802\real_event_delay_report.csv,C:\Users\c2466\Desktop\task_monitor\batch_nores_outputs_standard\20260618_144802\comparison_gantt.png
20260618_145303,ok,,7,72.63,72.63,72.6334,99.4258,88.36,11.065799999999996,standard,C:\Users\c2466\Desktop\task_monitor\data\dynamic_events_20260618_145303.csv,C:\Users\c2466\Desktop\task_monitor\data\gantt_data_20260618_145303.txt,C:\Users\c2466\Desktop\task_monitor\batch_nores_outputs_standard\20260618_145303,C:\Users\c2466\Desktop\task_monitor\batch_nores_outputs_standard\20260618_145303\real_nores_summary.csv,C:\Users\c2466\Desktop\task_monitor\batch_nores_outputs_standard\20260618_145303\comparison_gantt_data.txt,C:\Users\c2466\Desktop\task_monitor\batch_nores_outputs_standard\20260618_145303\real_event_delay_report.csv,C:\Users\c2466\Desktop\task_monitor\batch_nores_outputs_standard\20260618_145303\comparison_gantt.png
20260618_145723,ok,,0,72.63,72.63,72.6334,74.0334,67.79,6.243399999999994,standard,C:\Users\c2466\Desktop\task_monitor\data\dynamic_events_20260618_145723.csv,C:\Users\c2466\Desktop\task_monitor\data\gantt_data_20260618_145723.txt,C:\Users\c2466\Desktop\task_monitor\batch_nores_outputs_standard\20260618_145723,C:\Users\c2466\Desktop\task_monitor\batch_nores_outputs_standard\20260618_145723\real_nores_summary.csv,C:\Users\c2466\Desktop\task_monitor\batch_nores_outputs_standard\20260618_145723\comparison_gantt_data.txt,C:\Users\c2466\Desktop\task_monitor\batch_nores_outputs_standard\20260618_145723\real_event_delay_report.csv,C:\Users\c2466\Desktop\task_monitor\batch_nores_outputs_standard\20260618_145723\comparison_gantt.png
20260618_150321,ok,,11,72.63,72.63,72.6334,106.74419999999999,99.62,7.124199999999988,standard,C:\Users\c2466\Desktop\task_monitor\data\dynamic_events_20260618_150321.csv,C:\Users\c2466\Desktop\task_monitor\data\gantt_data_20260618_150321.txt,C:\Users\c2466\Desktop\task_monitor\batch_nores_outputs_standard\20260618_150321,C:\Users\c2466\Desktop\task_monitor\batch_nores_outputs_standard\20260618_150321\real_nores_summary.csv,C:\Users\c2466\Desktop\task_monitor\batch_nores_outputs_standard\20260618_150321\comparison_gantt_data.txt,C:\Users\c2466\Desktop\task_monitor\batch_nores_outputs_standard\20260618_150321\real_event_delay_report.csv,C:\Users\c2466\Desktop\task_monitor\batch_nores_outputs_standard\20260618_150321\comparison_gantt.png
20260618_150754,ok,,2,72.63,72.63,72.6334,75.9142,68.43,7.484199999999987,standard,C:\Users\c2466\Desktop\task_monitor\data\dynamic_events_20260618_150754.csv,C:\Users\c2466\Desktop\task_monitor\data\gantt_data_20260618_150754.txt,C:\Users\c2466\Desktop\task_monitor\batch_nores_outputs_standard\20260618_150754,C:\Users\c2466\Desktop\task_monitor\batch_nores_outputs_standard\20260618_150754\real_nores_summary.csv,C:\Users\c2466\Desktop\task_monitor\batch_nores_outputs_standard\20260618_150754\comparison_gantt_data.txt,C:\Users\c2466\Desktop\task_monitor\batch_nores_outputs_standard\20260618_150754\real_event_delay_report.csv,C:\Users\c2466\Desktop\task_monitor\batch_nores_outputs_standard\20260618_150754\comparison_gantt.png
20260618_151245,ok,,0,72.63,72.63,72.6334,73.54339999999999,67.91,5.633399999999995,standard,C:\Users\c2466\Desktop\task_monitor\data\dynamic_events_20260618_151245.csv,C:\Users\c2466\Desktop\task_monitor\data\gantt_data_20260618_151245.txt,C:\Users\c2466\Desktop\task_monitor\batch_nores_outputs_standard\20260618_151245,C:\Users\c2466\Desktop\task_monitor\batch_nores_outputs_standard\20260618_151245\real_nores_summary.csv,C:\Users\c2466\Desktop\task_monitor\batch_nores_outputs_standard\20260618_151245\comparison_gantt_data.txt,C:\Users\c2466\Desktop\task_monitor\batch_nores_outputs_standard\20260618_151245\real_event_delay_report.csv,C:\Users\c2466\Desktop\task_monitor\batch_nores_outputs_standard\20260618_151245\comparison_gantt.png
20260618_153051,ok,,11,72.63,72.63,72.6334,112.94819999999999,97.04,15.90819999999998,standard,C:\Users\c2466\Desktop\task_monitor\data\dynamic_events_20260618_153051.csv,C:\Users\c2466\Desktop\task_monitor\data\gantt_data_20260618_153051.txt,C:\Users\c2466\Desktop\task_monitor\batch_nores_outputs_standard\20260618_153051,C:\Users\c2466\Desktop\task_monitor\batch_nores_outputs_standard\20260618_153051\real_nores_summary.csv,C:\Users\c2466\Desktop\task_monitor\batch_nores_outputs_standard\20260618_153051\comparison_gantt_data.txt,C:\Users\c2466\Desktop\task_monitor\batch_nores_outputs_standard\20260618_153051\real_event_delay_report.csv,C:\Users\c2466\Desktop\task_monitor\batch_nores_outputs_standard\20260618_153051\comparison_gantt.png
20260618_153713,ok,,5,72.63,72.63,72.6334,87.8218,76.0,11.821799999999996,standard,C:\Users\c2466\Desktop\task_monitor\data\dynamic_events_20260618_153713.csv,C:\Users\c2466\Desktop\task_monitor\data\gantt_data_20260618_153713.txt,C:\Users\c2466\Desktop\task_monitor\batch_nores_outputs_standard\20260618_153713,C:\Users\c2466\Desktop\task_monitor\batch_nores_outputs_standard\20260618_153713\real_nores_summary.csv,C:\Users\c2466\Desktop\task_monitor\batch_nores_outputs_standard\20260618_153713\comparison_gantt_data.txt,C:\Users\c2466\Desktop\task_monitor\batch_nores_outputs_standard\20260618_153713\real_event_delay_report.csv,C:\Users\c2466\Desktop\task_monitor\batch_nores_outputs_standard\20260618_153713\comparison_gantt.png
20260618_154903,ok,,9,72.63,72.63,72.6334,101.81639999999999,90.7,11.116399999999985,standard,C:\Users\c2466\Desktop\task_monitor\data\dynamic_events_20260618_154903.csv,C:\Users\c2466\Desktop\task_monitor\data\gantt_data_20260618_154903.txt,C:\Users\c2466\Desktop\task_monitor\batch_nores_outputs_standard\20260618_154903,C:\Users\c2466\Desktop\task_monitor\batch_nores_outputs_standard\20260618_154903\real_nores_summary.csv,C:\Users\c2466\Desktop\task_monitor\batch_nores_outputs_standard\20260618_154903\comparison_gantt_data.txt,C:\Users\c2466\Desktop\task_monitor\batch_nores_outputs_standard\20260618_154903\real_event_delay_report.csv,C:\Users\c2466\Desktop\task_monitor\batch_nores_outputs_standard\20260618_154903\comparison_gantt.png
20260618_155540,ok,,7,72.63,72.63,72.6334,96.07559999999998,79.75,16.32559999999998,standard,C:\Users\c2466\Desktop\task_monitor\data\dynamic_events_20260618_155540.csv,C:\Users\c2466\Desktop\task_monitor\data\gantt_data_20260618_155540.txt,C:\Users\c2466\Desktop\task_monitor\batch_nores_outputs_standard\20260618_155540,C:\Users\c2466\Desktop\task_monitor\batch_nores_outputs_standard\20260618_155540\real_nores_summary.csv,C:\Users\c2466\Desktop\task_monitor\batch_nores_outputs_standard\20260618_155540\comparison_gantt_data.txt,C:\Users\c2466\Desktop\task_monitor\batch_nores_outputs_standard\20260618_155540\real_event_delay_report.csv,C:\Users\c2466\Desktop\task_monitor\batch_nores_outputs_standard\20260618_155540\comparison_gantt.png
20260618_171939,ok,,12,72.63,72.63,72.6334,105.38159999999999,98.95,6.431599999999989,standard,C:\Users\c2466\Desktop\task_monitor\data\dynamic_events_20260618_171939.csv,C:\Users\c2466\Desktop\task_monitor\data\gantt_data_20260618_171939.txt,C:\Users\c2466\Desktop\task_monitor\batch_nores_outputs_standard\20260618_171939,C:\Users\c2466\Desktop\task_monitor\batch_nores_outputs_standard\20260618_171939\real_nores_summary.csv,C:\Users\c2466\Desktop\task_monitor\batch_nores_outputs_standard\20260618_171939\comparison_gantt_data.txt,C:\Users\c2466\Desktop\task_monitor\batch_nores_outputs_standard\20260618_171939\real_event_delay_report.csv,C:\Users\c2466\Desktop\task_monitor\batch_nores_outputs_standard\20260618_171939\comparison_gantt.png
20260618_172550,ok,,13,72.63,72.63,72.6334,110.84400000000001,102.61,8.234000000000009,standard,C:\Users\c2466\Desktop\task_monitor\data\dynamic_events_20260618_172550.csv,C:\Users\c2466\Desktop\task_monitor\data\gantt_data_20260618_172550.txt,C:\Users\c2466\Desktop\task_monitor\batch_nores_outputs_standard\20260618_172550,C:\Users\c2466\Desktop\task_monitor\batch_nores_outputs_standard\20260618_172550\real_nores_summary.csv,C:\Users\c2466\Desktop\task_monitor\batch_nores_outputs_standard\20260618_172550\comparison_gantt_data.txt,C:\Users\c2466\Desktop\task_monitor\batch_nores_outputs_standard\20260618_172550\real_event_delay_report.csv,C:\Users\c2466\Desktop\task_monitor\batch_nores_outputs_standard\20260618_172550\comparison_gantt.png
20260618_173434,ok,,17,72.63,72.63,72.6334,109.4286,100.89,8.538600000000002,standard,C:\Users\c2466\Desktop\task_monitor\data\dynamic_events_20260618_173434.csv,C:\Users\c2466\Desktop\task_monitor\data\gantt_data_20260618_173434.txt,C:\Users\c2466\Desktop\task_monitor\batch_nores_outputs_standard\20260618_173434,C:\Users\c2466\Desktop\task_monitor\batch_nores_outputs_standard\20260618_173434\real_nores_summary.csv,C:\Users\c2466\Desktop\task_monitor\batch_nores_outputs_standard\20260618_173434\comparison_gantt_data.txt,C:\Users\c2466\Desktop\task_monitor\batch_nores_outputs_standard\20260618_173434\real_event_delay_report.csv,C:\Users\c2466\Desktop\task_monitor\batch_nores_outputs_standard\20260618_173434\comparison_gantt.png
20260618_174248,ok,,7,72.63,72.63,72.6334,91.1018,81.6,9.501800000000003,standard,C:\Users\c2466\Desktop\task_monitor\data\dynamic_events_20260618_174248.csv,C:\Users\c2466\Desktop\task_monitor\data\gantt_data_20260618_174248.txt,C:\Users\c2466\Desktop\task_monitor\batch_nores_outputs_standard\20260618_174248,C:\Users\c2466\Desktop\task_monitor\batch_nores_outputs_standard\20260618_174248\real_nores_summary.csv,C:\Users\c2466\Desktop\task_monitor\batch_nores_outputs_standard\20260618_174248\comparison_gantt_data.txt,C:\Users\c2466\Desktop\task_monitor\batch_nores_outputs_standard\20260618_174248\real_event_delay_report.csv,C:\Users\c2466\Desktop\task_monitor\batch_nores_outputs_standard\20260618_174248\comparison_gantt.png
20260618_175053,ok,,2,72.63,72.63,72.6334,77.68939999999999,68.72,8.969399999999993,standard,C:\Users\c2466\Desktop\task_monitor\data\dynamic_events_20260618_175053.csv,C:\Users\c2466\Desktop\task_monitor\data\gantt_data_20260618_175053.txt,C:\Users\c2466\Desktop\task_monitor\batch_nores_outputs_standard\20260618_175053,C:\Users\c2466\Desktop\task_monitor\batch_nores_outputs_standard\20260618_175053\real_nores_summary.csv,C:\Users\c2466\Desktop\task_monitor\batch_nores_outputs_standard\20260618_175053\comparison_gantt_data.txt,C:\Users\c2466\Desktop\task_monitor\batch_nores_outputs_standard\20260618_175053\real_event_delay_report.csv,C:\Users\c2466\Desktop\task_monitor\batch_nores_outputs_standard\20260618_175053\comparison_gantt.png
20260618_175805,ok,,4,72.63,72.63,72.6334,78.928,72.61,6.317999999999998,standard,C:\Users\c2466\Desktop\task_monitor\data\dynamic_events_20260618_175805.csv,C:\Users\c2466\Desktop\task_monitor\data\gantt_data_20260618_175805.txt,C:\Users\c2466\Desktop\task_monitor\batch_nores_outputs_standard\20260618_175805,C:\Users\c2466\Desktop\task_monitor\batch_nores_outputs_standard\20260618_175805\real_nores_summary.csv,C:\Users\c2466\Desktop\task_monitor\batch_nores_outputs_standard\20260618_175805\comparison_gantt_data.txt,C:\Users\c2466\Desktop\task_monitor\batch_nores_outputs_standard\20260618_175805\real_event_delay_report.csv,C:\Users\c2466\Desktop\task_monitor\batch_nores_outputs_standard\20260618_175805\comparison_gantt.png
20260618_180614,ok,,4,72.63,72.63,72.6334,90.9294,81.6,9.329400000000007,standard,C:\Users\c2466\Desktop\task_monitor\data\dynamic_events_20260618_180614.csv,C:\Users\c2466\Desktop\task_monitor\data\gantt_data_20260618_180614.txt,C:\Users\c2466\Desktop\task_monitor\batch_nores_outputs_standard\20260618_180614,C:\Users\c2466\Desktop\task_monitor\batch_nores_outputs_standard\20260618_180614\real_nores_summary.csv,C:\Users\c2466\Desktop\task_monitor\batch_nores_outputs_standard\20260618_180614\comparison_gantt_data.txt,C:\Users\c2466\Desktop\task_monitor\batch_nores_outputs_standard\20260618_180614\real_event_delay_report.csv,C:\Users\c2466\Desktop\task_monitor\batch_nores_outputs_standard\20260618_180614\comparison_gantt.png
20260618_182135,ok,,2,72.63,72.63,72.6334,78.79019999999998,69.1,9.69019999999999,standard,C:\Users\c2466\Desktop\task_monitor\data\dynamic_events_20260618_182135.csv,C:\Users\c2466\Desktop\task_monitor\data\gantt_data_20260618_182135.txt,C:\Users\c2466\Desktop\task_monitor\batch_nores_outputs_standard\20260618_182135,C:\Users\c2466\Desktop\task_monitor\batch_nores_outputs_standard\20260618_182135\real_nores_summary.csv,C:\Users\c2466\Desktop\task_monitor\batch_nores_outputs_standard\20260618_182135\comparison_gantt_data.txt,C:\Users\c2466\Desktop\task_monitor\batch_nores_outputs_standard\20260618_182135\real_event_delay_report.csv,C:\Users\c2466\Desktop\task_monitor\batch_nores_outputs_standard\20260618_182135\comparison_gantt.png
20260618_182902,ok,,5,72.63,72.63,72.6334,93.21419999999999,81.43,11.784199999999984,standard,C:\Users\c2466\Desktop\task_monitor\data\dynamic_events_20260618_182902.csv,C:\Users\c2466\Desktop\task_monitor\data\gantt_data_20260618_182902.txt,C:\Users\c2466\Desktop\task_monitor\batch_nores_outputs_standard\20260618_182902,C:\Users\c2466\Desktop\task_monitor\batch_nores_outputs_standard\20260618_182902\real_nores_summary.csv,C:\Users\c2466\Desktop\task_monitor\batch_nores_outputs_standard\20260618_182902\comparison_gantt_data.txt,C:\Users\c2466\Desktop\task_monitor\batch_nores_outputs_standard\20260618_182902\real_event_delay_report.csv,C:\Users\c2466\Desktop\task_monitor\batch_nores_outputs_standard\20260618_182902\comparison_gantt.png
20260618_183455,ok,,8,72.63,72.63,72.6334,96.29560000000001,84.13,12.165600000000012,standard,C:\Users\c2466\Desktop\task_monitor\data\dynamic_events_20260618_183455.csv,C:\Users\c2466\Desktop\task_monitor\data\gantt_data_20260618_183455.txt,C:\Users\c2466\Desktop\task_monitor\batch_nores_outputs_standard\20260618_183455,C:\Users\c2466\Desktop\task_monitor\batch_nores_outputs_standard\20260618_183455\real_nores_summary.csv,C:\Users\c2466\Desktop\task_monitor\batch_nores_outputs_standard\20260618_183455\comparison_gantt_data.txt,C:\Users\c2466\Desktop\task_monitor\batch_nores_outputs_standard\20260618_183455\real_event_delay_report.csv,C:\Users\c2466\Desktop\task_monitor\batch_nores_outputs_standard\20260618_183455\comparison_gantt.png
20260621_170757,ok,,1,72.63,72.63,72.6334,74.9034,65.35,9.55340000000001,standard,C:\Users\c2466\Desktop\task_monitor\data\dynamic_events_20260621_170757.csv,C:\Users\c2466\Desktop\task_monitor\data\gantt_data_20260621_170757.txt,C:\Users\c2466\Desktop\task_monitor\batch_nores_outputs_standard\20260621_170757,C:\Users\c2466\Desktop\task_monitor\batch_nores_outputs_standard\20260621_170757\real_nores_summary.csv,C:\Users\c2466\Desktop\task_monitor\batch_nores_outputs_standard\20260621_170757\comparison_gantt_data.txt,C:\Users\c2466\Desktop\task_monitor\batch_nores_outputs_standard\20260621_170757\real_event_delay_report.csv,C:\Users\c2466\Desktop\task_monitor\batch_nores_outputs_standard\20260621_170757\comparison_gantt.png
20260621_171234,ok,,1,72.63,72.63,72.6334,74.2234,65.52,8.703400000000002,standard,C:\Users\c2466\Desktop\task_monitor\data\dynamic_events_20260621_171234.csv,C:\Users\c2466\Desktop\task_monitor\data\gantt_data_20260621_171234.txt,C:\Users\c2466\Desktop\task_monitor\batch_nores_outputs_standard\20260621_171234,C:\Users\c2466\Desktop\task_monitor\batch_nores_outputs_standard\20260621_171234\real_nores_summary.csv,C:\Users\c2466\Desktop\task_monitor\batch_nores_outputs_standard\20260621_171234\comparison_gantt_data.txt,C:\Users\c2466\Desktop\task_monitor\batch_nores_outputs_standard\20260621_171234\real_event_delay_report.csv,C:\Users\c2466\Desktop\task_monitor\batch_nores_outputs_standard\20260621_171234\comparison_gantt.png
20260621_171649,ok,,1,72.63,72.63,72.6334,74.5496,65.87,8.679599999999994,standard,C:\Users\c2466\Desktop\task_monitor\data\dynamic_events_20260621_171649.csv,C:\Users\c2466\Desktop\task_monitor\data\gantt_data_20260621_171649.txt,C:\Users\c2466\Desktop\task_monitor\batch_nores_outputs_standard\20260621_171649,C:\Users\c2466\Desktop\task_monitor\batch_nores_outputs_standard\20260621_171649\real_nores_summary.csv,C:\Users\c2466\Desktop\task_monitor\batch_nores_outputs_standard\20260621_171649\comparison_gantt_data.txt,C:\Users\c2466\Desktop\task_monitor\batch_nores_outputs_standard\20260621_171649\real_event_delay_report.csv,C:\Users\c2466\Desktop\task_monitor\batch_nores_outputs_standard\20260621_171649\comparison_gantt.png
20260621_172052,ok,,0,72.63,72.63,72.6334,74.1334,67.72,6.413399999999996,standard,C:\Users\c2466\Desktop\task_monitor\data\dynamic_events_20260621_172052.csv,C:\Users\c2466\Desktop\task_monitor\data\gantt_data_20260621_172052.txt,C:\Users\c2466\Desktop\task_monitor\batch_nores_outputs_standard\20260621_172052,C:\Users\c2466\Desktop\task_monitor\batch_nores_outputs_standard\20260621_172052\real_nores_summary.csv,C:\Users\c2466\Desktop\task_monitor\batch_nores_outputs_standard\20260621_172052\comparison_gantt_data.txt,C:\Users\c2466\Desktop\task_monitor\batch_nores_outputs_standard\20260621_172052\real_event_delay_report.csv,C:\Users\c2466\Desktop\task_monitor\batch_nores_outputs_standard\20260621_172052\comparison_gantt.png
20260621_172604,ok,,1,72.63,72.63,72.6334,74.71340000000001,63.7,11.013400000000004,standard,C:\Users\c2466\Desktop\task_monitor\data\dynamic_events_20260621_172604.csv,C:\Users\c2466\Desktop\task_monitor\data\gantt_data_20260621_172604.txt,C:\Users\c2466\Desktop\task_monitor\batch_nores_outputs_standard\20260621_172604,C:\Users\c2466\Desktop\task_monitor\batch_nores_outputs_standard\20260621_172604\real_nores_summary.csv,C:\Users\c2466\Desktop\task_monitor\batch_nores_outputs_standard\20260621_172604\comparison_gantt_data.txt,C:\Users\c2466\Desktop\task_monitor\batch_nores_outputs_standard\20260621_172604\real_event_delay_report.csv,C:\Users\c2466\Desktop\task_monitor\batch_nores_outputs_standard\20260621_172604\comparison_gantt.png
20260621_173643,ok,,7,72.63,72.63,72.6334,82.9938,67.6,15.393799999999999,standard,C:\Users\c2466\Desktop\task_monitor\data\dynamic_events_20260621_173643.csv,C:\Users\c2466\Desktop\task_monitor\data\gantt_data_20260621_173643.txt,C:\Users\c2466\Desktop\task_monitor\batch_nores_outputs_standard\20260621_173643,C:\Users\c2466\Desktop\task_monitor\batch_nores_outputs_standard\20260621_173643\real_nores_summary.csv,C:\Users\c2466\Desktop\task_monitor\batch_nores_outputs_standard\20260621_173643\comparison_gantt_data.txt,C:\Users\c2466\Desktop\task_monitor\batch_nores_outputs_standard\20260621_173643\real_event_delay_report.csv,C:\Users\c2466\Desktop\task_monitor\batch_nores_outputs_standard\20260621_173643\comparison_gantt.png
20260621_174256,ok,,2,72.63,72.63,72.6334,77.7994,69.32,8.479400000000012,standard,C:\Users\c2466\Desktop\task_monitor\data\dynamic_events_20260621_174256.csv,C:\Users\c2466\Desktop\task_monitor\data\gantt_data_20260621_174256.txt,C:\Users\c2466\Desktop\task_monitor\batch_nores_outputs_standard\20260621_174256,C:\Users\c2466\Desktop\task_monitor\batch_nores_outputs_standard\20260621_174256\real_nores_summary.csv,C:\Users\c2466\Desktop\task_monitor\batch_nores_outputs_standard\20260621_174256\comparison_gantt_data.txt,C:\Users\c2466\Desktop\task_monitor\batch_nores_outputs_standard\20260621_174256\real_event_delay_report.csv,C:\Users\c2466\Desktop\task_monitor\batch_nores_outputs_standard\20260621_174256\comparison_gantt.png
20260621_174800,ok,,10,72.63,72.63,72.6334,83.826,79.2,4.625999999999991,standard,C:\Users\c2466\Desktop\task_monitor\data\dynamic_events_20260621_174800.csv,C:\Users\c2466\Desktop\task_monitor\data\gantt_data_20260621_174800.txt,C:\Users\c2466\Desktop\task_monitor\batch_nores_outputs_standard\20260621_174800,C:\Users\c2466\Desktop\task_monitor\batch_nores_outputs_standard\20260621_174800\real_nores_summary.csv,C:\Users\c2466\Desktop\task_monitor\batch_nores_outputs_standard\20260621_174800\comparison_gantt_data.txt,C:\Users\c2466\Desktop\task_monitor\batch_nores_outputs_standard\20260621_174800\real_event_delay_report.csv,C:\Users\c2466\Desktop\task_monitor\batch_nores_outputs_standard\20260621_174800\comparison_gantt.png
20260621_175246,ok,,0,72.63,72.63,72.6334,73.6334,67.96,5.673400000000001,standard,C:\Users\c2466\Desktop\task_monitor\data\dynamic_events_20260621_175246.csv,C:\Users\c2466\Desktop\task_monitor\data\gantt_data_20260621_175246.txt,C:\Users\c2466\Desktop\task_monitor\batch_nores_outputs_standard\20260621_175246,C:\Users\c2466\Desktop\task_monitor\batch_nores_outputs_standard\20260621_175246\real_nores_summary.csv,C:\Users\c2466\Desktop\task_monitor\batch_nores_outputs_standard\20260621_175246\comparison_gantt_data.txt,C:\Users\c2466\Desktop\task_monitor\batch_nores_outputs_standard\20260621_175246\real_event_delay_report.csv,C:\Users\c2466\Desktop\task_monitor\batch_nores_outputs_standard\20260621_175246\comparison_gantt.png
20260621_180040,ok,,13,72.63,72.63,72.6334,101.9606,95.25,6.7105999999999995,standard,C:\Users\c2466\Desktop\task_monitor\data\dynamic_events_20260621_180040.csv,C:\Users\c2466\Desktop\task_monitor\data\gantt_data_20260621_180040.txt,C:\Users\c2466\Desktop\task_monitor\batch_nores_outputs_standard\20260621_180040,C:\Users\c2466\Desktop\task_monitor\batch_nores_outputs_standard\20260621_180040\real_nores_summary.csv,C:\Users\c2466\Desktop\task_monitor\batch_nores_outputs_standard\20260621_180040\comparison_gantt_data.txt,C:\Users\c2466\Desktop\task_monitor\batch_nores_outputs_standard\20260621_180040\real_event_delay_report.csv,C:\Users\c2466\Desktop\task_monitor\batch_nores_outputs_standard\20260621_180040\comparison_gantt.png
20260621_183301,ok,,5,72.63,72.63,72.6334,92.8042,80.65,12.154199999999989,standard,C:\Users\c2466\Desktop\task_monitor\data\dynamic_events_20260621_183301.csv,C:\Users\c2466\Desktop\task_monitor\data\gantt_data_20260621_183301.txt,C:\Users\c2466\Desktop\task_monitor\batch_nores_outputs_standard\20260621_183301,C:\Users\c2466\Desktop\task_monitor\batch_nores_outputs_standard\20260621_183301\real_nores_summary.csv,C:\Users\c2466\Desktop\task_monitor\batch_nores_outputs_standard\20260621_183301\comparison_gantt_data.txt,C:\Users\c2466\Desktop\task_monitor\batch_nores_outputs_standard\20260621_183301\real_event_delay_report.csv,C:\Users\c2466\Desktop\task_monitor\batch_nores_outputs_standard\20260621_183301\comparison_gantt.png
20260621_183749,ok,,4,72.63,72.63,72.6334,78.3494,66.71,11.639400000000009,standard,C:\Users\c2466\Desktop\task_monitor\data\dynamic_events_20260621_183749.csv,C:\Users\c2466\Desktop\task_monitor\data\gantt_data_20260621_183749.txt,C:\Users\c2466\Desktop\task_monitor\batch_nores_outputs_standard\20260621_183749,C:\Users\c2466\Desktop\task_monitor\batch_nores_outputs_standard\20260621_183749\real_nores_summary.csv,C:\Users\c2466\Desktop\task_monitor\batch_nores_outputs_standard\20260621_183749\comparison_gantt_data.txt,C:\Users\c2466\Desktop\task_monitor\batch_nores_outputs_standard\20260621_183749\real_event_delay_report.csv,C:\Users\c2466\Desktop\task_monitor\batch_nores_outputs_standard\20260621_183749\comparison_gantt.png
20260621_184824,ok,,2,72.63,72.63,72.6334,77.8056,63.33,14.4756,standard,C:\Users\c2466\Desktop\task_monitor\data\dynamic_events_20260621_184824.csv,C:\Users\c2466\Desktop\task_monitor\data\gantt_data_20260621_184824.txt,C:\Users\c2466\Desktop\task_monitor\batch_nores_outputs_standard\20260621_184824,C:\Users\c2466\Desktop\task_monitor\batch_nores_outputs_standard\20260621_184824\real_nores_summary.csv,C:\Users\c2466\Desktop\task_monitor\batch_nores_outputs_standard\20260621_184824\comparison_gantt_data.txt,C:\Users\c2466\Desktop\task_monitor\batch_nores_outputs_standard\20260621_184824\real_event_delay_report.csv,C:\Users\c2466\Desktop\task_monitor\batch_nores_outputs_standard\20260621_184824\comparison_gantt.png
20260621_185411,ok,,1,72.63,72.63,72.6334,76.7894,67.65,9.139399999999995,standard,C:\Users\c2466\Desktop\task_monitor\data\dynamic_events_20260621_185411.csv,C:\Users\c2466\Desktop\task_monitor\data\gantt_data_20260621_185411.txt,C:\Users\c2466\Desktop\task_monitor\batch_nores_outputs_standard\20260621_185411,C:\Users\c2466\Desktop\task_monitor\batch_nores_outputs_standard\20260621_185411\real_nores_summary.csv,C:\Users\c2466\Desktop\task_monitor\batch_nores_outputs_standard\20260621_185411\comparison_gantt_data.txt,C:\Users\c2466\Desktop\task_monitor\batch_nores_outputs_standard\20260621_185411\real_event_delay_report.csv,C:\Users\c2466\Desktop\task_monitor\batch_nores_outputs_standard\20260621_185411\comparison_gantt.png
20260621_191117,ok,,4,72.63,72.63,72.6334,87.5796,78.27,9.309600000000003,standard,C:\Users\c2466\Desktop\task_monitor\data\dynamic_events_20260621_191117.csv,C:\Users\c2466\Desktop\task_monitor\data\gantt_data_20260621_191117.txt,C:\Users\c2466\Desktop\task_monitor\batch_nores_outputs_standard\20260621_191117,C:\Users\c2466\Desktop\task_monitor\batch_nores_outputs_standard\20260621_191117\real_nores_summary.csv,C:\Users\c2466\Desktop\task_monitor\batch_nores_outputs_standard\20260621_191117\comparison_gantt_data.txt,C:\Users\c2466\Desktop\task_monitor\batch_nores_outputs_standard\20260621_191117\real_event_delay_report.csv,C:\Users\c2466\Desktop\task_monitor\batch_nores_outputs_standard\20260621_191117\comparison_gantt.png
20260621_191926,ok,,2,72.63,72.63,72.6334,77.1786,70.47,6.708600000000004,standard,C:\Users\c2466\Desktop\task_monitor\data\dynamic_events_20260621_191926.csv,C:\Users\c2466\Desktop\task_monitor\data\gantt_data_20260621_191926.txt,C:\Users\c2466\Desktop\task_monitor\batch_nores_outputs_standard\20260621_191926,C:\Users\c2466\Desktop\task_monitor\batch_nores_outputs_standard\20260621_191926\real_nores_summary.csv,C:\Users\c2466\Desktop\task_monitor\batch_nores_outputs_standard\20260621_191926\comparison_gantt_data.txt,C:\Users\c2466\Desktop\task_monitor\batch_nores_outputs_standard\20260621_191926\real_event_delay_report.csv,C:\Users\c2466\Desktop\task_monitor\batch_nores_outputs_standard\20260621_191926\comparison_gantt.png
20260621_192651,ok,,3,72.63,72.63,72.6334,77.52160000000002,65.61,11.911600000000021,standard,C:\Users\c2466\Desktop\task_monitor\data\dynamic_events_20260621_192651.csv,C:\Users\c2466\Desktop\task_monitor\data\gantt_data_20260621_192651.txt,C:\Users\c2466\Desktop\task_monitor\batch_nores_outputs_standard\20260621_192651,C:\Users\c2466\Desktop\task_monitor\batch_nores_outputs_standard\20260621_192651\real_nores_summary.csv,C:\Users\c2466\Desktop\task_monitor\batch_nores_outputs_standard\20260621_192651\comparison_gantt_data.txt,C:\Users\c2466\Desktop\task_monitor\batch_nores_outputs_standard\20260621_192651\real_event_delay_report.csv,C:\Users\c2466\Desktop\task_monitor\batch_nores_outputs_standard\20260621_192651\comparison_gantt.png
20260621_193120,ok,,0,72.63,72.63,72.6334,73.83340000000001,68.42,5.41340000000001,standard,C:\Users\c2466\Desktop\task_monitor\data\dynamic_events_20260621_193120.csv,C:\Users\c2466\Desktop\task_monitor\data\gantt_data_20260621_193120.txt,C:\Users\c2466\Desktop\task_monitor\batch_nores_outputs_standard\20260621_193120,C:\Users\c2466\Desktop\task_monitor\batch_nores_outputs_standard\20260621_193120\real_nores_summary.csv,C:\Users\c2466\Desktop\task_monitor\batch_nores_outputs_standard\20260621_193120\comparison_gantt_data.txt,C:\Users\c2466\Desktop\task_monitor\batch_nores_outputs_standard\20260621_193120\real_event_delay_report.csv,C:\Users\c2466\Desktop\task_monitor\batch_nores_outputs_standard\20260621_193120\comparison_gantt.png
20260621_193635,ok,,4,72.63,72.63,72.6334,77.37140000000001,70.58,6.79140000000001,standard,C:\Users\c2466\Desktop\task_monitor\data\dynamic_events_20260621_193635.csv,C:\Users\c2466\Desktop\task_monitor\data\gantt_data_20260621_193635.txt,C:\Users\c2466\Desktop\task_monitor\batch_nores_outputs_standard\20260621_193635,C:\Users\c2466\Desktop\task_monitor\batch_nores_outputs_standard\20260621_193635\real_nores_summary.csv,C:\Users\c2466\Desktop\task_monitor\batch_nores_outputs_standard\20260621_193635\comparison_gantt_data.txt,C:\Users\c2466\Desktop\task_monitor\batch_nores_outputs_standard\20260621_193635\real_event_delay_report.csv,C:\Users\c2466\Desktop\task_monitor\batch_nores_outputs_standard\20260621_193635\comparison_gantt.png
20260621_212643,ok,,1,72.63,72.63,72.6334,74.24940000000001,66.56,7.689400000000006,standard,C:\Users\c2466\Desktop\task_monitor\data\dynamic_events_20260621_212643.csv,C:\Users\c2466\Desktop\task_monitor\data\gantt_data_20260621_212643.txt,C:\Users\c2466\Desktop\task_monitor\batch_nores_outputs_standard\20260621_212643,C:\Users\c2466\Desktop\task_monitor\batch_nores_outputs_standard\20260621_212643\real_nores_summary.csv,C:\Users\c2466\Desktop\task_monitor\batch_nores_outputs_standard\20260621_212643\comparison_gantt_data.txt,C:\Users\c2466\Desktop\task_monitor\batch_nores_outputs_standard\20260621_212643\real_event_delay_report.csv,C:\Users\c2466\Desktop\task_monitor\batch_nores_outputs_standard\20260621_212643\comparison_gantt.png
20260621_213147,ok,,7,72.63,72.63,72.6334,79.00079999999998,72.59,6.4107999999999805,standard,C:\Users\c2466\Desktop\task_monitor\data\dynamic_events_20260621_213147.csv,C:\Users\c2466\Desktop\task_monitor\data\gantt_data_20260621_213147.txt,C:\Users\c2466\Desktop\task_monitor\batch_nores_outputs_standard\20260621_213147,C:\Users\c2466\Desktop\task_monitor\batch_nores_outputs_standard\20260621_213147\real_nores_summary.csv,C:\Users\c2466\Desktop\task_monitor\batch_nores_outputs_standard\20260621_213147\comparison_gantt_data.txt,C:\Users\c2466\Desktop\task_monitor\batch_nores_outputs_standard\20260621_213147\real_event_delay_report.csv,C:\Users\c2466\Desktop\task_monitor\batch_nores_outputs_standard\20260621_213147\comparison_gantt.png
20260621_214416,ok,,7,72.63,72.63,72.6334,89.09179999999998,81.42,7.671799999999976,standard,C:\Users\c2466\Desktop\task_monitor\data\dynamic_events_20260621_214416.csv,C:\Users\c2466\Desktop\task_monitor\data\gantt_data_20260621_214416.txt,C:\Users\c2466\Desktop\task_monitor\batch_nores_outputs_standard\20260621_214416,C:\Users\c2466\Desktop\task_monitor\batch_nores_outputs_standard\20260621_214416\real_nores_summary.csv,C:\Users\c2466\Desktop\task_monitor\batch_nores_outputs_standard\20260621_214416\comparison_gantt_data.txt,C:\Users\c2466\Desktop\task_monitor\batch_nores_outputs_standard\20260621_214416\real_event_delay_report.csv,C:\Users\c2466\Desktop\task_monitor\batch_nores_outputs_standard\20260621_214416\comparison_gantt.png
20260621_214951,ok,,4,72.63,72.63,72.6334,88.1216,74.04,14.081599999999995,standard,C:\Users\c2466\Desktop\task_monitor\data\dynamic_events_20260621_214951.csv,C:\Users\c2466\Desktop\task_monitor\data\gantt_data_20260621_214951.txt,C:\Users\c2466\Desktop\task_monitor\batch_nores_outputs_standard\20260621_214951,C:\Users\c2466\Desktop\task_monitor\batch_nores_outputs_standard\20260621_214951\real_nores_summary.csv,C:\Users\c2466\Desktop\task_monitor\batch_nores_outputs_standard\20260621_214951\comparison_gantt_data.txt,C:\Users\c2466\Desktop\task_monitor\batch_nores_outputs_standard\20260621_214951\real_event_delay_report.csv,C:\Users\c2466\Desktop\task_monitor\batch_nores_outputs_standard\20260621_214951\comparison_gantt.png
20260621_220456,ok,,10,72.63,72.63,72.6334,88.73440000000001,82.63,6.1044000000000125,standard,C:\Users\c2466\Desktop\task_monitor\data\dynamic_events_20260621_220456.csv,C:\Users\c2466\Desktop\task_monitor\data\gantt_data_20260621_220456.txt,C:\Users\c2466\Desktop\task_monitor\batch_nores_outputs_standard\20260621_220456,C:\Users\c2466\Desktop\task_monitor\batch_nores_outputs_standard\20260621_220456\real_nores_summary.csv,C:\Users\c2466\Desktop\task_monitor\batch_nores_outputs_standard\20260621_220456\comparison_gantt_data.txt,C:\Users\c2466\Desktop\task_monitor\batch_nores_outputs_standard\20260621_220456\real_event_delay_report.csv,C:\Users\c2466\Desktop\task_monitor\batch_nores_outputs_standard\20260621_220456\comparison_gantt.png
20260621_220936,ok,,8,72.63,72.63,72.6334,105.9118,96.74,9.171800000000005,standard,C:\Users\c2466\Desktop\task_monitor\data\dynamic_events_20260621_220936.csv,C:\Users\c2466\Desktop\task_monitor\data\gantt_data_20260621_220936.txt,C:\Users\c2466\Desktop\task_monitor\batch_nores_outputs_standard\20260621_220936,C:\Users\c2466\Desktop\task_monitor\batch_nores_outputs_standard\20260621_220936\real_nores_summary.csv,C:\Users\c2466\Desktop\task_monitor\batch_nores_outputs_standard\20260621_220936\comparison_gantt_data.txt,C:\Users\c2466\Desktop\task_monitor\batch_nores_outputs_standard\20260621_220936\real_event_delay_report.csv,C:\Users\c2466\Desktop\task_monitor\batch_nores_outputs_standard\20260621_220936\comparison_gantt.png
20260621_221335,ok,,5,72.63,72.63,72.6334,80.91179999999999,75.4,5.51179999999998,standard,C:\Users\c2466\Desktop\task_monitor\data\dynamic_events_20260621_221335.csv,C:\Users\c2466\Desktop\task_monitor\data\gantt_data_20260621_221335.txt,C:\Users\c2466\Desktop\task_monitor\batch_nores_outputs_standard\20260621_221335,C:\Users\c2466\Desktop\task_monitor\batch_nores_outputs_standard\20260621_221335\real_nores_summary.csv,C:\Users\c2466\Desktop\task_monitor\batch_nores_outputs_standard\20260621_221335\comparison_gantt_data.txt,C:\Users\c2466\Desktop\task_monitor\batch_nores_outputs_standard\20260621_221335\real_event_delay_report.csv,C:\Users\c2466\Desktop\task_monitor\batch_nores_outputs_standard\20260621_221335\comparison_gantt.png
20260621_221747,ok,,6,72.63,72.63,72.6334,78.2938,71.03,7.263800000000003,standard,C:\Users\c2466\Desktop\task_monitor\data\dynamic_events_20260621_221747.csv,C:\Users\c2466\Desktop\task_monitor\data\gantt_data_20260621_221747.txt,C:\Users\c2466\Desktop\task_monitor\batch_nores_outputs_standard\20260621_221747,C:\Users\c2466\Desktop\task_monitor\batch_nores_outputs_standard\20260621_221747\real_nores_summary.csv,C:\Users\c2466\Desktop\task_monitor\batch_nores_outputs_standard\20260621_221747\comparison_gantt_data.txt,C:\Users\c2466\Desktop\task_monitor\batch_nores_outputs_standard\20260621_221747\real_event_delay_report.csv,C:\Users\c2466\Desktop\task_monitor\batch_nores_outputs_standard\20260621_221747\comparison_gantt.png
20260621_222241,ok,,3,72.63,72.63,72.6334,77.6518,66.91,10.741799999999998,standard,C:\Users\c2466\Desktop\task_monitor\data\dynamic_events_20260621_222241.csv,C:\Users\c2466\Desktop\task_monitor\data\gantt_data_20260621_222241.txt,C:\Users\c2466\Desktop\task_monitor\batch_nores_outputs_standard\20260621_222241,C:\Users\c2466\Desktop\task_monitor\batch_nores_outputs_standard\20260621_222241\real_nores_summary.csv,C:\Users\c2466\Desktop\task_monitor\batch_nores_outputs_standard\20260621_222241\comparison_gantt_data.txt,C:\Users\c2466\Desktop\task_monitor\batch_nores_outputs_standard\20260621_222241\real_event_delay_report.csv,C:\Users\c2466\Desktop\task_monitor\batch_nores_outputs_standard\20260621_222241\comparison_gantt.png
20260621_222707,ok,,1,72.63,72.63,72.6334,74.2034,68.64,5.5634000000000015,standard,C:\Users\c2466\Desktop\task_monitor\data\dynamic_events_20260621_222707.csv,C:\Users\c2466\Desktop\task_monitor\data\gantt_data_20260621_222707.txt,C:\Users\c2466\Desktop\task_monitor\batch_nores_outputs_standard\20260621_222707,C:\Users\c2466\Desktop\task_monitor\batch_nores_outputs_standard\20260621_222707\real_nores_summary.csv,C:\Users\c2466\Desktop\task_monitor\batch_nores_outputs_standard\20260621_222707\comparison_gantt_data.txt,C:\Users\c2466\Desktop\task_monitor\batch_nores_outputs_standard\20260621_222707\real_event_delay_report.csv,C:\Users\c2466\Desktop\task_monitor\batch_nores_outputs_standard\20260621_222707\comparison_gantt.png
20260621_223136,ok,,6,72.63,72.63,72.6334,93.9786,82.38,11.598600000000005,standard,C:\Users\c2466\Desktop\task_monitor\data\dynamic_events_20260621_223136.csv,C:\Users\c2466\Desktop\task_monitor\data\gantt_data_20260621_223136.txt,C:\Users\c2466\Desktop\task_monitor\batch_nores_outputs_standard\20260621_223136,C:\Users\c2466\Desktop\task_monitor\batch_nores_outputs_standard\20260621_223136\real_nores_summary.csv,C:\Users\c2466\Desktop\task_monitor\batch_nores_outputs_standard\20260621_223136\comparison_gantt_data.txt,C:\Users\c2466\Desktop\task_monitor\batch_nores_outputs_standard\20260621_223136\real_event_delay_report.csv,C:\Users\c2466\Desktop\task_monitor\batch_nores_outputs_standard\20260621_223136\comparison_gantt.png
20260621_223602,ok,,6,72.63,72.63,72.6334,84.65760000000002,79.33,5.327600000000018,standard,C:\Users\c2466\Desktop\task_monitor\data\dynamic_events_20260621_223602.csv,C:\Users\c2466\Desktop\task_monitor\data\gantt_data_20260621_223602.txt,C:\Users\c2466\Desktop\task_monitor\batch_nores_outputs_standard\20260621_223602,C:\Users\c2466\Desktop\task_monitor\batch_nores_outputs_standard\20260621_223602\real_nores_summary.csv,C:\Users\c2466\Desktop\task_monitor\batch_nores_outputs_standard\20260621_223602\comparison_gantt_data.txt,C:\Users\c2466\Desktop\task_monitor\batch_nores_outputs_standard\20260621_223602\real_event_delay_report.csv,C:\Users\c2466\Desktop\task_monitor\batch_nores_outputs_standard\20260621_223602\comparison_gantt.png
