case_id,step_idx,failure_type,decision_time,csv_delay_time,actual_incremental_delay,applied_nores_delay,delay_source,nores_makespan,dynamic_makespan_after_event,nores_minus_dynamic,target_task,t1,t2,earlier_task,later_task,order_base_duration,order_required_task_actual_duration,order_wrong_first_task_actual_duration,order_later_standard_duration,order_compensation_upper,released_previous_delay,observed_order_extra_delay
20260616_163957,1,delay,14.85866117,2.9619,2.97,0,real_gantt_duration_synchronized,76.64,76.77,-0.13,5,,,,,,,,,,,
20260616_163957,2,delay,28.0503931,2.9619,2.97,0,real_gantt_duration_synchronized,76.8,77.03,-0.23,9,,,,,,,,,,,
20260616_163957,4,delay,36.47433209,1.797,1.8,0,real_gantt_duration_synchronized,76.95,77.19,-0.24,10,,,,,,,,,,,
20260616_163957,5,delay,55.80129027,1.7319,1.74,0,real_gantt_duration_synchronized,74.62,74.26,0.36,18,,,,,,,,,,,
20260616_163957,8,delay,71.20373511,1.8096,1.81,0,real_gantt_duration_synchronized,76.864,73,3.864,22,,,,,,,,,,,
20260616_163957,9,delay,73.05570626,3.6192,3.62,0,real_gantt_duration_synchronized,80.484,76.62,3.864,22,,,,,,,,,,,
20260616_165213,1,delay,16.38407826,1.797,1.8,0,real_gantt_duration_synchronized,73.41,73.55,-0.14,8,,,,,,,,,,,
20260616_165213,2,delay,18.20121956,3.594,3.6,0,real_gantt_duration_synchronized,77.01,77.14,-0.13,8,,,,,,,,,,,
20260616_165213,5,delay,41.34374404,1.79,1.79,0,real_gantt_duration_synchronized,77.9838,72.49,5.4938,14,,,,,,,,,,,
20260616_165213,7,delay,55.43666863,1.7319,1.74,0,real_gantt_duration_synchronized,75.6238,70.3,5.3238,18,,,,,,,,,,,
20260616_165213,8,delay,62.2712574,2.9619,2.97,0,real_gantt_duration_synchronized,78.5938,72.36,6.2338,21,,,,,,,,,,,
20260616_165213,9,delay,67.27286363,1.8096,1.81,0,real_gantt_duration_synchronized,78.7838,72.64,6.1438,22,,,,,,,,,,,
20260616_165213,10,delay,72.49633455,1.797,1.8,0,real_gantt_duration_synchronized,80.2938,74.21,6.0838,23,,,,,,,,,,,
20260617_161127,1,delay,17.06050491,1.797,1.8,0,real_gantt_duration_synchronized,74.19,74.25,-0.06,8,,,,,,,,,,,
20260617_161127,3,delay,29.5310986,1.7319,1.74,0,real_gantt_duration_synchronized,78.0238,73.81,4.2138,12,,,,,,,,,,,
20260617_161127,4,delay,31.2549665,3.4638,3.46,0,real_gantt_duration_synchronized,81.4838,77.27,4.2138,12,,,,,,,,,,,
20260617_161127,6,delay,47.69979,1.79,1.79,0,real_gantt_duration_synchronized,80.9076,75.56,5.3476,14,,,,,,,,,,,
20260617_161127,7,delay,56.86510372,1.7319,1.74,0,real_gantt_duration_synchronized,80.5876,75.31,5.2776,18,,,,,,,,,,,
20260617_161127,8,delay,58.63023138,3.4638,3.46,0,real_gantt_duration_synchronized,84.0476,78.78,5.2676,18,,,,,,,,,,,
20260617_161127,9,delay,63.1844945,1.797,1.8,0,real_gantt_duration_synchronized,83.3076,78.07,5.2376,19,,,,,,,,,,,
20260617_161127,10,delay,64.96764374,3.594,3.59,0,real_gantt_duration_synchronized,86.8976,81.66,5.2376,19,,,,,,,,,,,
20260617_161127,11,delay,68.59298873,7.188,7.19,0,real_gantt_duration_synchronized,94.0876,88.85,5.2376,19,,,,,,,,,,,
20260617_161127,12,delay,75.27417135,2.9619,2.97,0,real_gantt_duration_synchronized,90.5876,85.41,5.1776,21,,,,,,,,,,,
20260617_161127,13,delay,78.20522141,5.9238,5.92,0,real_gantt_duration_synchronized,96.5076,91.33,5.1776,21,,,,,,,,,,,
20260617_161127,14,delay,84.15811777,11.8476,11.85,0,real_gantt_duration_synchronized,108.3576,103.18,5.1776,21,,,,,,,,,,,
20260617_161127,15,delay,88.99324441,1.797,1.8,0,real_gantt_duration_synchronized,99.5176,94.37,5.1476,23,,,,,,,,,,,
20260617_161833,2,delay,27.65761161,1.797,1.8,0,real_gantt_duration_synchronized,76.26,71.83,4.43,10,,,,,,,,,,,
20260617_161833,3,delay,29.43282485,3.594,3.59,0,real_gantt_duration_synchronized,79.85,75.43,4.42,10,,,,,,,,,,,
20260617_161833,4,delay,33.04237652,7.188,7.19,0,real_gantt_duration_synchronized,87.0438,80.28,6.7638,10,,,,,,,,,,,
20260617_162610,1,delay,17.85397887,1.797,1.8,0,real_gantt_duration_synchronized,74.92,74.98,-0.06,8,,,,,,,,,,,
20260617_162610,3,delay,30.43992329,1.797,1.8,0,real_gantt_duration_synchronized,78.4738,74.65,3.8238,10,,,,,,,,,,,
20260617_162610,5,delay,42.73430181,1.79,1.79,0,real_gantt_duration_synchronized,81.8376,73.96,7.8776,14,,,,,,,,,,,
20260617_162610,6,delay,47.23783088,1.6689,1.67,0,real_gantt_duration_synchronized,82.8276,74.99,7.8376,15,,,,,,,,,,,
20260617_162610,7,delay,56.85954428,1.7319,1.74,0,real_gantt_duration_synchronized,83.0376,75.3,7.7376,18,,,,,,,,,,,
20260617_162610,8,delay,58.60352039,3.4638,3.46,0,real_gantt_duration_synchronized,86.4976,78.76,7.7376,18,,,,,,,,,,,
20260617_162610,9,delay,62.04992747,6.9276,6.93,0,real_gantt_duration_synchronized,93.4316,83.04,10.3916,18,,,,,,,,,,,
20260617_162610,10,delay,69.01246309,6.9276,6.92,0,real_gantt_duration_synchronized,100.3516,89.02,11.3316,18,,,,,,,,,,,
20260617_162610,11,delay,79.49342418,1.797,1.8,0,real_gantt_duration_synchronized,96.0916,84.9,11.1916,23,,,,,,,,,,,
20260617_163225,1,delay,7.63457036,1.8096,1.81,0,real_gantt_duration_synchronized,74.25,74.31,-0.06,3,,,,,,,,,,,
20260617_163225,2,delay,17.77518058,1.797,1.8,0,real_gantt_duration_synchronized,74.86,74.92,-0.06,8,,,,,,,,,,,
20260617_163225,3,delay,19.55092263,3.594,3.6,0,real_gantt_duration_synchronized,78.46,78.52,-0.06,8,,,,,,,,,,,
20260617_163225,4,delay,23.15318274,7.188,7.18,0,real_gantt_duration_synchronized,85.6438,83.37,2.2738,8,,,,,,,,,,,
20260617_163225,5,delay,41.15216231,1.797,1.8,0,real_gantt_duration_synchronized,83.0538,85.37,-2.3162,10,,,,,,,,,,,
20260617_163225,6,delay,42.96736336,3.594,3.59,0,real_gantt_duration_synchronized,86.6438,88.96,-2.3162,10,,,,,,,,,,,
20260617_163225,7,delay,54.19321752,1.6689,1.67,0,real_gantt_duration_synchronized,83.1138,85.53,-2.4162,15,,,,,,,,,,,
20260617_163225,9,delay,67.79909563,1.7319,1.74,0,real_gantt_duration_synchronized,86.4138,86.24,0.1738,18,,,,,,,,,,,
20260617_163225,10,delay,81.09885883,1.8096,1.81,0,real_gantt_duration_synchronized,86.5238,86.47,0.0538,22,,,,,,,,,,,
20260617_163852,1,delay,27.07029176,1.797,1.8,0,real_gantt_duration_synchronized,71.08,71.25,-0.17,10,,,,,,,,,,,
20260617_163852,2,delay,28.85311818,3.594,3.59,0,real_gantt_duration_synchronized,74.67,74.84,-0.17,10,,,,,,,,,,,
20260617_163852,3,delay,32.45410061,7.188,7.19,0,real_gantt_duration_synchronized,81.8638,79.69,2.1738,10,,,,,,,,,,,
20260617_163852,4,delay,60.32554054,1.7319,1.74,0,real_gantt_duration_synchronized,74.5538,78.78,-4.2262,18,,,,,,,,,,,
20260617_163852,5,delay,62.0698452,3.4638,3.46,0,real_gantt_duration_synchronized,78.0138,82.24,-4.2262,18,,,,,,,,,,,
20260617_163852,6,delay,65.56121373,6.9276,6.93,0,real_gantt_duration_synchronized,84.9478,86.55,-1.6022,18,,,,,,,,,,,
20260617_163852,7,delay,82.59289956,1.8096,1.81,0,real_gantt_duration_synchronized,81.2278,87.99,-6.7622,22,,,,,,,,,,,
20260617_164554,1,delay,30.57207632,1.7319,1.74,0,real_gantt_duration_synchronized,70.86,71.26,-0.4,12,,,,,,,,,,,
20260617_164554,2,delay,49.31140614,1.7319,1.74,0,real_gantt_duration_synchronized,69.06,67.77,1.29,18,,,,,,,,,,,
20260617_164554,3,delay,51.12512445,3.4638,3.46,0,real_gantt_duration_synchronized,72.52,71.23,1.29,18,,,,,,,,,,,
20260617_164554,4,delay,64.8748064,1.8096,1.81,0,real_gantt_duration_synchronized,71.31,70.23,1.08,22,,,,,,,,,,,
20260617_165310,1,delay,17.08256865,1.7319,1.74,0,real_gantt_duration_synchronized,74.18,74.28,-0.1,6,,,,,,,,,,,
20260617_165310,2,delay,30.65257788,1.797,1.8,0,real_gantt_duration_synchronized,70.93,71.37,-0.44,10,,,,,,,,,,,
20260617_165310,3,delay,54.91811442,1.797,1.8,0,real_gantt_duration_synchronized,69.93,69.73,0.2,19,,,,,,,,,,,
20260617_170056,1,delay,16.84511256,1.7319,1.74,0,real_gantt_duration_synchronized,73.98,74.08,-0.1,6,,,,,,,,,,,
20260617_170056,2,delay,51.57714939,1.7319,1.74,0,real_gantt_duration_synchronized,68.44,70.02,-1.58,18,,,,,,,,,,,
20260617_170735,1,delay,16.50777555,1.7319,1.74,0,real_gantt_duration_synchronized,73.67,73.77,-0.1,6,,,,,,,,,,,
20260617_170735,2,delay,52.25012922,1.7319,1.74,0,real_gantt_duration_synchronized,69.3,70.58,-1.28,18,,,,,,,,,,,
20260617_170735,3,delay,53.92673135,3.4638,3.46,0,real_gantt_duration_synchronized,72.76,74.04,-1.28,18,,,,,,,,,,,
20260617_170735,5,delay,58.76830029,6.9276,6.93,0,real_gantt_duration_synchronized,74.494,78.81,-4.316,18,,,,,,,,,,,
20260617_214847,1,delay,4.052881241,1.9965,2,0,real_gantt_duration_synchronized,74.49,74.53,-0.04,2,,,,,,,,,,,
20260617_214847,2,delay,8.634411812,1.8096,1.81,0,real_gantt_duration_synchronized,75.29,75.36,-0.07,3,,,,,,,,,,,
20260617_214847,3,delay,10.45469999,3.6192,3.62,0,real_gantt_duration_synchronized,78.91,78.98,-0.07,3,,,,,,,,,,,
20260617_214847,4,delay,20.96221566,1.797,1.8,0,real_gantt_duration_synchronized,77.95,78.11,-0.16,8,,,,,,,,,,,
20260617_214847,5,delay,25.79421568,1.7319,1.74,0,real_gantt_duration_synchronized,79.26,79.44,-0.18,6,,,,,,,,,,,
20260617_214847,6,delay,27.51474023,3.4638,3.46,0,real_gantt_duration_synchronized,82.72,82.9,-0.18,6,,,,,,,,,,,
20260617_214847,7,delay,31.01919651,6.9276,6.93,0,real_gantt_duration_synchronized,89.65,89.83,-0.18,6,,,,,,,,,,,
20260617_214847,8,delay,43.10073733,1.797,1.8,0,real_gantt_duration_synchronized,87.01,87.28,-0.27,10,,,,,,,,,,,
20260617_214847,9,delay,44.85478878,3.594,3.59,0,real_gantt_duration_synchronized,90.6,90.87,-0.27,10,,,,,,,,,,,
20260617_214847,10,delay,57.02709579,1.79,1.79,0,real_gantt_duration_synchronized,87.86,88.23,-0.37,14,,,,,,,,,,,
20260617_214847,11,delay,58.79618096,3.58,3.58,0,real_gantt_duration_synchronized,91.44,91.81,-0.37,14,,,,,,,,,,,
20260617_214847,13,delay,68.64382172,2.9619,2.97,0,real_gantt_duration_synchronized,92.63,91.76,0.87,17,,,,,,,,,,,
20260617_214847,14,delay,73.36395144,1.7319,1.74,0,real_gantt_duration_synchronized,92.65,91.8,0.85,18,,,,,,,,,,,
20260617_214847,15,delay,75.10630941,3.4638,3.46,0,real_gantt_duration_synchronized,96.11,95.26,0.85,18,,,,,,,,,,,
20260617_214847,17,delay,85.41304064,1.8096,1.81,0,real_gantt_duration_synchronized,97.284,90.81,6.474,22,,,,,,,,,,,
20260617_214847,18,delay,87.23820114,3.6192,3.62,0,real_gantt_duration_synchronized,100.904,94.42,6.484,22,,,,,,,,,,,
20260617_214847,20,delay,91.80923676,7.2384,7.24,0,real_gantt_duration_synchronized,102.718,99.02,3.698,22,,,,,,,,,,,
20260617_215539,1,delay,4.04006505,1.9965,2,0,real_gantt_duration_synchronized,74.49,74.53,-0.04,2,,,,,,,,,,,
20260617_215539,2,delay,5.995146751,3.993,3.99,0,real_gantt_duration_synchronized,78.48,78.53,-0.05,2,,,,,,,,,,,
20260617_215539,3,delay,10.01536512,7.986,7.99,0,real_gantt_duration_synchronized,86.4692,83.17,3.2992,2,,,,,,,,,,,
20260617_215539,4,delay,24.748137,2.9619,2.97,0,real_gantt_duration_synchronized,82.1292,86.66,-4.5308,5,,,,,,,,,,,
20260617_215539,5,delay,30.39014053,1.7319,1.74,0,real_gantt_duration_synchronized,83.0992,87.65,-4.5508,6,,,,,,,,,,,
20260617_215539,6,delay,32.121562,3.4638,3.46,0,real_gantt_duration_synchronized,86.5592,91.12,-4.5608,6,,,,,,,,,,,
20260617_215539,7,delay,35.61985326,6.9276,6.93,0,real_gantt_duration_synchronized,93.4932,95.42,-1.9268,6,,,,,,,,,,,
20260617_215539,8,delay,53.53815961,1.797,1.8,0,real_gantt_duration_synchronized,91.9932,97.71,-5.7168,10,,,,,,,,,,,
20260617_215539,9,delay,55.30430174,3.594,3.59,0,real_gantt_duration_synchronized,95.5832,101.31,-5.7268,10,,,,,,,,,,,
20260617_215539,10,delay,61.26248932,1.7319,1.74,0,real_gantt_duration_synchronized,96.2032,101.95,-5.7468,12,,,,,,,,,,,
20260617_215539,11,delay,63.00668216,3.4638,3.46,0,real_gantt_duration_synchronized,99.6632,105.42,-5.7568,12,,,,,,,,,,,
20260617_215539,12,delay,70.57492399,2.9619,2.97,0,real_gantt_duration_synchronized,100.7232,106.53,-5.8068,13,,,,,,,,,,,
20260617_215539,13,delay,75.26061416,1.6689,1.67,0,real_gantt_duration_synchronized,100.7432,106.59,-5.8468,15,,,,,,,,,,,
20260617_215539,14,delay,76.93329239,3.3378,3.33,0,real_gantt_duration_synchronized,104.0732,109.93,-5.8568,15,,,,,,,,,,,
20260617_215539,15,delay,83.59639883,1.79,1.79,0,real_gantt_duration_synchronized,105.5832,111.45,-5.8668,14,,,,,,,,,,,
20260617_215539,16,delay,85.3381989,3.58,3.58,0,real_gantt_duration_synchronized,109.1632,115.03,-5.8668,14,,,,,,,,,,,
20260617_215539,17,delay,88.9686296,7.16,7.16,0,real_gantt_duration_synchronized,116.3232,122.19,-5.8668,14,,,,,,,,,,,
20260617_215539,18,delay,101.1350377,1.7319,1.74,0,real_gantt_duration_synchronized,113.6032,119.6,-5.9968,18,,,,,,,,,,,
20260617_215539,19,delay,102.8676288,3.4638,3.46,0,real_gantt_duration_synchronized,117.0632,123.06,-5.9968,18,,,,,,,,,,,
20260617_215539,20,delay,106.3830647,6.9276,6.93,0,real_gantt_duration_synchronized,123.9972,127.52,-3.5228,18,,,,,,,,,,,
20260617_215539,21,delay,113.291276,6.9276,6.92,0,real_gantt_duration_synchronized,130.9172,133.32,-2.4028,18,,,,,,,,,,,
20260617_215539,22,delay,120.2037108,6.9276,6.93,0,real_gantt_duration_synchronized,137.8472,140.25,-2.4028,18,,,,,,,,,,,
20260617_215539,23,delay,127.7336714,2.9619,2.97,0,real_gantt_duration_synchronized,135.4572,137.9,-2.4428,21,,,,,,,,,,,
20260617_215539,24,delay,132.7835448,1.797,1.8,0,real_gantt_duration_synchronized,135.7172,138.18,-2.4628,23,,,,,,,,,,,
20260617_215539,25,delay,134.5897374,3.594,3.59,0,real_gantt_duration_synchronized,139.3072,141.78,-2.4728,23,,,,,,,,,,,
20260617_215539,26,delay,138.1881447,7.188,7.19,0,real_gantt_duration_synchronized,146.4964,147.03,-0.5336,23,,,,,,,,,,,
20260617_220342,1,delay,4.00221324,1.9965,2,0,real_gantt_duration_synchronized,74.49,74.53,-0.04,2,,,,,,,,,,,
20260617_220342,2,delay,6.022475719,3.993,3.99,0,real_gantt_duration_synchronized,78.48,78.53,-0.05,2,,,,,,,,,,,
20260617_220342,3,delay,10.01396775,7.986,7.99,0,real_gantt_duration_synchronized,86.4692,83.17,3.2992,2,,,,,,,,,,,
20260617_220342,4,delay,17.98509264,7.986,7.98,0,real_gantt_duration_synchronized,94.4492,90.88,3.5692,2,,,,,,,,,,,
20260617_220342,5,delay,30.82852626,2.9619,2.97,0,real_gantt_duration_synchronized,96.2792,92.76,3.5192,5,,,,,,,,,,,
20260617_220342,6,delay,39.05938959,1.7319,1.74,0,real_gantt_duration_synchronized,96.1492,92.68,3.4692,6,,,,,,,,,,,
20260617_220342,7,delay,40.78261828,3.4638,3.46,0,real_gantt_duration_synchronized,99.6092,96.14,3.4692,6,,,,,,,,,,,
20260617_220342,8,delay,44.24159312,6.9276,6.93,0,real_gantt_duration_synchronized,106.5392,103.07,3.4692,6,,,,,,,,,,,
20260617_220342,9,delay,51.15278792,6.9276,6.92,0,real_gantt_duration_synchronized,113.4592,110,3.4592,6,,,,,,,,,,,
20260617_220342,10,delay,58.30924201,2.9619,2.97,0,real_gantt_duration_synchronized,110.6592,107.26,3.3992,9,,,,,,,,,,,
20260617_220342,11,delay,61.25921941,5.9238,5.92,0,real_gantt_duration_synchronized,116.5792,113.19,3.3892,9,,,,,,,,,,,
20260617_220342,12,delay,67.18587661,11.8476,11.85,0,real_gantt_duration_synchronized,128.4292,125.03,3.3992,9,,,,,,,,,,,
20260617_220342,13,delay,79.05944252,11.8476,11.84,0,real_gantt_duration_synchronized,140.2692,136.88,3.3892,9,,,,,,,,,,,
20260617_220342,14,delay,89.65585709,1.7319,1.74,0,real_gantt_duration_synchronized,137.2692,133.9,3.3692,12,,,,,,,,,,,
20260617_220342,15,delay,91.40688586,3.4638,3.46,0,real_gantt_duration_synchronized,140.7292,137.36,3.3692,12,,,,,,,,,,,
20260617_220342,16,delay,95.77297711,1.797,1.8,0,real_gantt_duration_synchronized,139.7892,136.46,3.3292,10,,,,,,,,,,,
20260617_220342,17,delay,105.0201857,1.6689,1.67,0,real_gantt_duration_synchronized,139.5892,136.37,3.2192,15,,,,,,,,,,,
20260617_220342,18,delay,109.2699099,1.79,1.79,0,real_gantt_duration_synchronized,140.3592,137.17,3.1892,14,,,,,,,,,,,
20260617_220342,19,delay,111.1088207,3.58,3.58,0,real_gantt_duration_synchronized,143.9392,140.75,3.1892,14,,,,,,,,,,,
20260617_220342,20,delay,114.6675246,7.16,7.16,0,real_gantt_duration_synchronized,151.0992,147.91,3.1892,14,,,,,,,,,,,
20260617_220342,21,delay,121.8112147,7.16,7.16,0,real_gantt_duration_synchronized,158.2592,155.07,3.1892,14,,,,,,,,,,,
20260617_220342,22,delay,129.0111046,7.16,7.16,0,real_gantt_duration_synchronized,165.4192,162.23,3.1892,14,,,,,,,,,,,
20260617_220342,23,delay,136.1737852,7.16,7.16,0,real_gantt_duration_synchronized,172.5792,169.39,3.1892,14,,,,,,,,,,,
20260617_220342,24,delay,143.3611586,2.9619,2.97,0,real_gantt_duration_synchronized,169.6292,166.5,3.1292,17,,,,,,,,,,,
20260617_220342,25,delay,148.1095936,1.7319,1.74,0,real_gantt_duration_synchronized,169.6492,166.55,3.0992,18,,,,,,,,,,,
20260617_220342,26,delay,161.7044775,1.8096,1.81,0,real_gantt_duration_synchronized,170.0592,167.1,2.9592,22,,,,,,,,,,,
20260617_220342,27,delay,163.530735,3.6192,3.62,0,real_gantt_duration_synchronized,173.6792,170.72,2.9592,22,,,,,,,,,,,
20260617_221043,1,delay,4.035185099,1.9965,2,0,real_gantt_duration_synchronized,74.49,74.53,-0.04,2,,,,,,,,,,,
20260617_221043,2,delay,6.071390867,3.993,3.99,0,real_gantt_duration_synchronized,78.48,78.53,-0.05,2,,,,,,,,,,,
20260617_221043,3,delay,10.03314948,7.986,7.99,0,real_gantt_duration_synchronized,86.4692,83.19,3.2792,2,,,,,,,,,,,
20260617_221043,4,delay,17.97088957,7.986,7.98,0,real_gantt_duration_synchronized,94.4492,90.88,3.5692,2,,,,,,,,,,,
20260617_221043,5,delay,31.85337925,1.7319,1.74,0,real_gantt_duration_synchronized,92.5492,89.05,3.4992,6,,,,,,,,,,,
20260617_221043,6,delay,44.9182713,1.797,1.8,0,real_gantt_duration_synchronized,92.4892,89.08,3.4092,10,,,,,,,,,,,
20260617_221043,7,delay,55.95655584,1.79,1.79,0,real_gantt_duration_synchronized,90.4392,87.15,3.2892,14,,,,,,,,,,,
20260617_221043,8,delay,57.71465945,3.58,3.58,0,real_gantt_duration_synchronized,94.0192,90.73,3.2892,14,,,,,,,,,,,
20260617_221043,9,delay,68.75645137,1.7319,1.74,0,real_gantt_duration_synchronized,90.3392,87.19,3.1492,18,,,,,,,,,,,
20260617_221043,10,delay,70.48742175,3.4638,3.46,0,real_gantt_duration_synchronized,93.7992,90.66,3.1392,18,,,,,,,,,,,
20260617_221608,1,delay,27.1274786,1.797,1.8,0,real_gantt_duration_synchronized,71.13,71.34,-0.21,10,,,,,,,,,,,
20260617_221608,2,delay,28.94860196,3.594,3.59,0,real_gantt_duration_synchronized,74.72,74.94,-0.22,10,,,,,,,,,,,
20260617_221608,3,delay,32.54784966,7.188,7.19,0,real_gantt_duration_synchronized,81.9138,79.79,2.1238,10,,,,,,,,,,,
20260617_221608,4,delay,47.9672482,2.9619,2.97,0,real_gantt_duration_synchronized,83.8838,83.88,0.0038,13,,,,,,,,,,,
20260617_221608,5,delay,50.85778165,5.9238,5.92,0,real_gantt_duration_synchronized,89.8038,89.81,-0.0062,13,,,,,,,,,,,
20260617_221608,6,delay,61.35063481,1.6689,1.67,0,real_gantt_duration_synchronized,88.9938,89.08,-0.0862,15,,,,,,,,,,,
20260617_221608,7,delay,63.01905894,3.3378,3.33,0,real_gantt_duration_synchronized,92.3238,92.42,-0.0962,15,,,,,,,,,,,
20260617_221608,8,delay,72.11907363,1.7319,1.74,0,real_gantt_duration_synchronized,90.3538,90.53,-0.1762,18,,,,,,,,,,,
20260617_222235,1,delay,7.438289165,1.8096,1.81,0,real_gantt_duration_synchronized,74.06,74.12,-0.06,3,,,,,,,,,,,
20260617_222235,2,delay,14.54478979,2.9619,2.97,0,real_gantt_duration_synchronized,76.42,76.46,-0.04,5,,,,,,,,,,,
20260617_222235,3,delay,17.50985289,5.9238,5.92,0,real_gantt_duration_synchronized,82.34,82.38,-0.04,5,,,,,,,,,,,
20260617_222235,4,delay,26.0783391,1.7319,1.74,0,real_gantt_duration_synchronized,83.21,83.29,-0.08,6,,,,,,,,,,,
20260617_222235,5,delay,27.76044297,3.4638,3.46,0,real_gantt_duration_synchronized,86.67,86.75,-0.08,6,,,,,,,,,,,
20260617_222235,6,delay,31.24007177,6.9276,6.93,0,real_gantt_duration_synchronized,93.604,91.04,2.564,6,,,,,,,,,,,
20260617_222235,7,delay,38.14320827,6.9276,6.92,0,real_gantt_duration_synchronized,100.524,97.01,3.514,6,,,,,,,,,,,
20260617_222235,8,delay,45.11479306,6.9276,6.93,0,real_gantt_duration_synchronized,107.454,103.94,3.514,6,,,,,,,,,,,
20260617_222235,9,delay,52.02626872,6.9276,6.93,0,real_gantt_duration_synchronized,114.384,110.87,3.514,6,,,,,,,,,,,
20260617_222235,10,delay,61.52231479,1.7319,1.74,0,real_gantt_duration_synchronized,109.214,105.79,3.424,12,,,,,,,,,,,
20260617_222235,11,delay,82.92607093,1.7319,1.74,0,real_gantt_duration_synchronized,103.384,101.32,2.064,18,,,,,,,,,,,
20260617_222235,12,delay,84.64082861,3.4638,3.46,0,real_gantt_duration_synchronized,106.844,104.78,2.064,18,,,,,,,,,,,
20260617_222235,13,delay,88.06627989,6.9276,6.93,0,real_gantt_duration_synchronized,113.778,109.21,4.568,18,,,,,,,,,,,
20260617_222235,14,delay,94.9847703,6.9276,6.92,0,real_gantt_duration_synchronized,120.698,115.04,5.658,18,,,,,,,,,,,
20260617_222235,15,delay,101.9433355,6.9276,6.93,0,real_gantt_duration_synchronized,127.628,121.97,5.658,18,,,,,,,,,,,
20260617_222235,16,delay,113.9583895,2.9619,2.97,0,real_gantt_duration_synchronized,129.688,124.08,5.608,21,,,,,,,,,,,
20260617_222235,17,delay,116.8902411,5.9238,5.92,0,real_gantt_duration_synchronized,135.608,130.01,5.598,21,,,,,,,,,,,
20260617_222235,18,delay,122.8426845,11.8476,11.85,0,real_gantt_duration_synchronized,147.458,141.86,5.598,21,,,,,,,,,,,
20260617_222235,19,delay,132.8531561,1.797,1.8,0,real_gantt_duration_synchronized,143.798,138.25,5.548,23,,,,,,,,,,,
20260617_222235,20,delay,134.6394644,3.594,3.59,0,real_gantt_duration_synchronized,147.388,141.84,5.548,23,,,,,,,,,,,
20260617_223549,1,delay,19.29450631,1.7319,1.74,0,real_gantt_duration_synchronized,72.71,72.95,-0.24,6,,,,,,,,,,,
20260617_223549,2,delay,21.04307985,3.4638,3.46,0,real_gantt_duration_synchronized,76.17,76.41,-0.24,6,,,,,,,,,,,
20260617_223549,3,delay,31.28167105,1.797,1.8,0,real_gantt_duration_synchronized,75.06,75.5,-0.44,10,,,,,,,,,,,
20260617_223549,4,delay,36.1117785,1.7319,1.74,0,real_gantt_duration_synchronized,76.23,76.76,-0.53,12,,,,,,,,,,,
20260617_223549,5,delay,37.83454108,3.4638,3.46,0,real_gantt_duration_synchronized,79.69,80.22,-0.53,12,,,,,,,,,,,
20260617_223549,6,delay,41.27097011,6.9276,6.93,0,real_gantt_duration_synchronized,86.62,87.15,-0.53,12,,,,,,,,,,,
20260617_223549,7,delay,48.11753726,2.9619,2.97,0,real_gantt_duration_synchronized,83.48,84.07,-0.59,13,,,,,,,,,,,
20260617_223549,8,delay,51.0985415,5.9238,5.92,0,real_gantt_duration_synchronized,89.4,89.99,-0.59,13,,,,,,,,,,,
20260617_223549,9,delay,57.04210687,11.8476,11.85,0,real_gantt_duration_synchronized,101.25,101.84,-0.59,13,,,,,,,,,,,
20260617_223549,10,delay,68.91061234,11.8476,11.84,0,real_gantt_duration_synchronized,113.09,113.68,-0.59,13,,,,,,,,,,,
20260617_223549,11,delay,77.98156166,1.79,1.79,0,real_gantt_duration_synchronized,108.43,109.11,-0.68,14,,,,,,,,,,,
20260617_224021,1,delay,25.55379128,1.797,1.8,0,real_gantt_duration_synchronized,69.49,69.67,-0.18,10,,,,,,,,,,,
20260617_224021,2,delay,30.9424479,1.7319,1.74,0,real_gantt_duration_synchronized,71.32,71.56,-0.24,12,,,,,,,,,,,
20260617_224021,3,delay,32.68506646,3.4638,3.46,0,real_gantt_duration_synchronized,74.78,75.03,-0.25,12,,,,,,,,,,,
20260617_224555,1,delay,4.039536476,1.9965,2,0,real_gantt_duration_synchronized,74.49,74.53,-0.04,2,,,,,,,,,,,
20260617_224555,2,delay,8.434761524,1.8096,1.81,0,real_gantt_duration_synchronized,75.03,75.1,-0.07,3,,,,,,,,,,,
20260617_224555,3,delay,15.27083135,2.9619,2.97,0,real_gantt_duration_synchronized,76.97,77.16,-0.19,5,,,,,,,,,,,
20260617_224555,4,delay,30.24858713,1.797,1.8,0,real_gantt_duration_synchronized,74.15,74.44,-0.29,10,,,,,,,,,,,
20260617_224555,5,delay,32.05553174,3.594,3.59,0,real_gantt_duration_synchronized,77.74,78.04,-0.3,10,,,,,,,,,,,
20260617_224555,6,delay,35.6212194,7.188,7.19,0,real_gantt_duration_synchronized,84.9338,82.86,2.0738,10,,,,,,,,,,,
20260617_224555,7,delay,42.84487367,7.188,7.19,0,real_gantt_duration_synchronized,92.1238,88.95,3.1738,10,,,,,,,,,,,
20260617_225121,1,delay,16.76665211,1.797,1.8,0,real_gantt_duration_synchronized,73.8,73.91,-0.11,8,,,,,,,,,,,
20260617_225121,2,delay,18.57954788,3.594,3.6,0,real_gantt_duration_synchronized,77.4,77.5,-0.1,8,,,,,,,,,,,
20260617_225121,3,delay,22.93627429,1.7319,1.74,0,real_gantt_duration_synchronized,76.39,76.55,-0.16,6,,,,,,,,,,,
20260617_225121,4,delay,24.63651752,3.4638,3.46,0,real_gantt_duration_synchronized,79.85,80.01,-0.16,6,,,,,,,,,,,
20260617_225121,5,delay,35.60529757,1.797,1.8,0,real_gantt_duration_synchronized,79.41,79.74,-0.33,10,,,,,,,,,,,
20260617_225121,6,delay,37.41756463,3.594,3.59,0,real_gantt_duration_synchronized,83,83.34,-0.34,10,,,,,,,,,,,
20260617_225121,7,delay,61.64889836,1.7319,1.74,0,real_gantt_duration_synchronized,78.81,80.07,-1.26,18,,,,,,,,,,,
20260617_225121,8,delay,63.43623805,3.4638,3.46,0,real_gantt_duration_synchronized,82.27,83.54,-1.27,18,,,,,,,,,,,
20260617_225121,9,delay,69.67500305,1.797,1.8,0,real_gantt_duration_synchronized,83.26,84.59,-1.33,19,,,,,,,,,,,
20260617_225121,10,delay,78.75796962,1.8096,1.81,0,real_gantt_duration_synchronized,82.67,84.15,-1.48,22,,,,,,,,,,,
20260617_225121,11,delay,80.62125349,3.6192,3.62,0,real_gantt_duration_synchronized,86.29,87.77,-1.48,22,,,,,,,,,,,
20260617_225645,1,delay,27.58778358,1.797,1.8,0,real_gantt_duration_synchronized,71.42,71.78,-0.36,10,,,,,,,,,,,
20260617_225645,2,delay,29.41246891,3.594,3.59,0,real_gantt_duration_synchronized,75.01,75.37,-0.36,10,,,,,,,,,,,
20260617_225645,3,delay,33.0162487,7.188,7.19,0,real_gantt_duration_synchronized,82.2038,80.26,1.9438,10,,,,,,,,,,,
20260617_225645,4,delay,40.23798561,7.188,7.19,0,real_gantt_duration_synchronized,89.3938,86.28,3.1138,10,,,,,,,,,,,
20260617_230214,1,delay,4.060612202,1.9965,2,0,real_gantt_duration_synchronized,74.49,74.53,-0.04,2,,,,,,,,,,,
20260617_230214,2,delay,16.71871305,1.7319,1.74,0,real_gantt_duration_synchronized,73.88,73.98,-0.1,6,,,,,,,,,,,
20260617_230214,3,delay,18.45969868,3.4638,3.46,0,real_gantt_duration_synchronized,77.34,77.45,-0.11,6,,,,,,,,,,,
20260617_230214,4,delay,30.24783206,1.797,1.8,0,real_gantt_duration_synchronized,74,74.38,-0.38,10,,,,,,,,,,,
20260617_230214,5,delay,43.30155349,1.79,1.79,0,real_gantt_duration_synchronized,72.39,74.45,-2.06,14,,,,,,,,,,,
20260617_230214,6,delay,54.84739661,1.7319,1.74,0,real_gantt_duration_synchronized,70.91,73.2,-2.29,18,,,,,,,,,,,
20260617_230214,7,delay,56.52906346,3.4638,3.46,0,real_gantt_duration_synchronized,74.37,76.66,-2.29,18,,,,,,,,,,,
20260618_143804,1,delay,29.11396527,1.7319,1.74,0,real_gantt_duration_synchronized,69.58,69.77,-0.19,12,,,,,,,,,,,
20260618_143804,2,delay,38.91539383,1.79,1.79,0,real_gantt_duration_synchronized,69.95,70.14,-0.19,14,,,,,,,,,,,
20260618_143804,3,delay,43.45452309,1.6689,1.67,0,real_gantt_duration_synchronized,70.98,71.2,-0.22,15,,,,,,,,,,,
20260618_143804,4,delay,52.33840728,1.7319,1.74,0,real_gantt_duration_synchronized,70.43,70.79,-0.36,18,,,,,,,,,,,
20260618_144336,3,delay,28.89194274,1.797,1.8,0,real_gantt_duration_synchronized,71.39,69.64,1.75,10,,,,,,,,,,,
20260618_144802,1,delay,16.90859437,1.7319,1.74,0,real_gantt_duration_synchronized,74.06,74.15,-0.09,6,,,,,,,,,,,
20260618_144802,2,delay,42.24734211,1.6689,1.67,0,real_gantt_duration_synchronized,69.22,70.03,-0.81,15,,,,,,,,,,,
20260618_144802,3,delay,52.23221278,1.7319,1.74,0,real_gantt_duration_synchronized,69.07,70.63,-1.56,18,,,,,,,,,,,
20260618_144802,5,delay,62.41716576,1.8096,1.81,0,real_gantt_duration_synchronized,71.294,67.81,3.484,22,,,,,,,,,,,
20260618_144802,6,delay,64.28427267,3.6192,3.62,0,real_gantt_duration_synchronized,74.914,71.43,3.484,22,,,,,,,,,,,
20260618_145303,1,delay,50.81395721,1.7319,1.74,0,real_gantt_duration_synchronized,69.12,69.21,-0.09,18,,,,,,,,,,,
20260618_145303,2,delay,52.5204587,3.4638,3.46,0,real_gantt_duration_synchronized,72.58,72.67,-0.09,18,,,,,,,,,,,
20260618_145303,3,delay,55.98437309,6.9276,6.93,0,real_gantt_duration_synchronized,79.514,76.98,2.534,18,,,,,,,,,,,
20260618_145303,4,delay,62.88569593,6.9276,6.92,0,real_gantt_duration_synchronized,86.434,82.93,3.504,18,,,,,,,,,,,
20260618_145303,5,delay,69.8658855,6.9276,6.93,0,real_gantt_duration_synchronized,93.364,89.86,3.504,18,,,,,,,,,,,
20260618_145303,6,delay,77.11085773,2.9619,2.97,0,real_gantt_duration_synchronized,90.654,87.24,3.414,21,,,,,,,,,,,
20260618_145303,7,delay,80.0878284,5.9238,5.92,0,real_gantt_duration_synchronized,96.574,93.16,3.414,21,,,,,,,,,,,
20260618_150321,1,delay,20.78457856,1.7319,1.74,0,real_gantt_duration_synchronized,74.3,74.4,-0.1,6,,,,,,,,,,,
20260618_150321,2,delay,22.48798442,3.4638,3.46,0,real_gantt_duration_synchronized,77.76,77.86,-0.1,6,,,,,,,,,,,
20260618_150321,3,delay,25.93433452,6.9276,6.93,0,real_gantt_duration_synchronized,84.69,84.79,-0.1,6,,,,,,,,,,,
20260618_150321,4,delay,37.52341652,2.9619,2.97,0,real_gantt_duration_synchronized,86.3,86.48,-0.18,9,,,,,,,,,,,
20260618_150321,5,delay,46.77247739,1.797,1.8,0,real_gantt_duration_synchronized,87.22,87.47,-0.25,10,,,,,,,,,,,
20260618_150321,6,delay,53.57101512,2.9619,2.97,0,real_gantt_duration_synchronized,89.21,89.53,-0.32,13,,,,,,,,,,,
20260618_150321,7,delay,58.56148791,1.79,1.79,0,real_gantt_duration_synchronized,89.45,89.8,-0.35,14,,,,,,,,,,,
20260618_150321,8,delay,60.34433126,3.58,3.58,0,real_gantt_duration_synchronized,93.03,93.38,-0.35,14,,,,,,,,,,,
20260618_150321,9,delay,63.94690776,7.16,7.16,0,real_gantt_duration_synchronized,100.1878,98.57,1.6178,14,,,,,,,,,,,
20260618_150321,10,delay,71.0843997,7.16,7.16,0,real_gantt_duration_synchronized,107.3478,104.36,2.9878,14,,,,,,,,,,,
20260618_150321,11,delay,80.72054577,2.9619,2.97,0,real_gantt_duration_synchronized,106.7878,103.87,2.9178,17,,,,,,,,,,,
20260618_150754,2,delay,65.74936604,1.8096,1.81,0,real_gantt_duration_synchronized,67.49,67.54,-0.05,22,,,,,,,,,,,
20260618_153051,1,delay,16.75385022,1.7319,1.74,0,real_gantt_duration_synchronized,73.91,73.96,-0.05,6,,,,,,,,,,,
20260618_153051,2,delay,25.46439219,2.9619,2.97,0,real_gantt_duration_synchronized,74.28,74.42,-0.14,9,,,,,,,,,,,
20260618_153051,3,delay,30.33168149,1.7319,1.74,0,real_gantt_duration_synchronized,74.42,74.6,-0.18,12,,,,,,,,,,,
20260618_153051,4,delay,42.21364713,1.79,1.79,0,real_gantt_duration_synchronized,73.12,73.46,-0.34,14,,,,,,,,,,,
20260618_153051,5,delay,44.00439811,3.58,3.58,0,real_gantt_duration_synchronized,76.7,77.04,-0.34,14,,,,,,,,,,,
20260618_153051,6,delay,56.2509613,1.7319,1.74,0,real_gantt_duration_synchronized,74.2,74.67,-0.47,18,,,,,,,,,,,
20260618_153051,7,delay,57.97957993,3.4638,3.46,0,real_gantt_duration_synchronized,77.66,78.13,-0.47,18,,,,,,,,,,,
20260618_153051,8,delay,61.4269104,6.9276,6.93,0,real_gantt_duration_synchronized,84.594,82.42,2.174,18,,,,,,,,,,,
20260618_153051,9,delay,68.34633613,6.9276,6.92,0,real_gantt_duration_synchronized,91.514,88.39,3.124,18,,,,,,,,,,,
20260618_153051,10,delay,75.28608298,6.9276,6.93,0,real_gantt_duration_synchronized,98.444,95.32,3.124,18,,,,,,,,,,,
20260618_153051,11,delay,82.22605252,6.9276,6.93,0,real_gantt_duration_synchronized,105.374,102.25,3.124,18,,,,,,,,,,,
20260618_153713,1,delay,28.3029542,1.7319,1.74,0,real_gantt_duration_synchronized,68.77,68.97,-0.2,12,,,,,,,,,,,
20260618_153713,2,delay,30.01929927,3.4638,3.46,0,real_gantt_duration_synchronized,72.23,72.44,-0.21,12,,,,,,,,,,,
20260618_153713,3,delay,42.86251593,1.6689,1.67,0,real_gantt_duration_synchronized,70.26,70.61,-0.35,15,,,,,,,,,,,
20260618_153713,4,delay,44.50697255,3.3378,3.33,0,real_gantt_duration_synchronized,73.59,73.94,-0.35,15,,,,,,,,,,,
20260618_153713,5,delay,47.83591247,6.6756,6.68,0,real_gantt_duration_synchronized,80.27,80.62,-0.35,15,,,,,,,,,,,
20260618_154903,1,delay,26.35320282,1.797,1.8,0,real_gantt_duration_synchronized,70.14,70.47,-0.33,10,,,,,,,,,,,
20260618_154903,2,delay,28.09346795,3.594,3.6,0,real_gantt_duration_synchronized,73.74,74.06,-0.32,10,,,,,,,,,,,
20260618_154903,3,delay,31.72002625,7.188,7.18,0,real_gantt_duration_synchronized,80.9238,78.96,1.9638,10,,,,,,,,,,,
20260618_154903,4,delay,38.88780713,7.188,7.19,0,real_gantt_duration_synchronized,88.1138,84.98,3.1338,10,,,,,,,,,,,
20260618_154903,5,delay,63.37325096,1.7319,1.74,0,real_gantt_duration_synchronized,84.4938,81.78,2.7138,18,,,,,,,,,,,
20260618_154903,6,delay,65.10078382,3.4638,3.46,0,real_gantt_duration_synchronized,87.9538,85.25,2.7038,18,,,,,,,,,,,
20260618_154903,7,delay,68.62393332,6.9276,6.93,0,real_gantt_duration_synchronized,94.8878,89.62,5.2678,18,,,,,,,,,,,
20260618_154903,8,delay,85.98807406,1.8096,1.81,0,real_gantt_duration_synchronized,90.2878,91.38,-1.0922,22,,,,,,,,,,,
20260618_154903,9,delay,87.88873243,3.6192,3.62,0,real_gantt_duration_synchronized,93.9078,95,-1.0922,22,,,,,,,,,,,
20260618_155540,1,delay,26.80874348,1.797,1.8,0,real_gantt_duration_synchronized,70.82,71.01,-0.19,10,,,,,,,,,,,
20260618_155540,2,delay,28.63886213,3.594,3.59,0,real_gantt_duration_synchronized,74.41,74.6,-0.19,10,,,,,,,,,,,
20260618_155540,3,delay,32.20005822,7.188,7.19,0,real_gantt_duration_synchronized,81.6038,79.44,2.1638,10,,,,,,,,,,,
20260618_155540,4,delay,39.38930082,7.188,7.19,0,real_gantt_duration_synchronized,88.7938,85.52,3.2738,10,,,,,,,,,,,
20260618_155540,5,delay,63.1799171,1.7319,1.74,0,real_gantt_duration_synchronized,83.2638,81.55,1.7138,18,,,,,,,,,,,
20260618_155540,7,delay,67.47666478,3.4638,3.47,0,real_gantt_duration_synchronized,84.9978,84.02,0.9778,18,,,,,,,,,,,
20260618_171939,1,delay,7.653554678,1.8096,1.81,0,real_gantt_duration_synchronized,74.27,74.35,-0.08,3,,,,,,,,,,,
20260618_171939,2,delay,18.27901363,1.797,1.8,0,real_gantt_duration_synchronized,75.39,75.46,-0.07,8,,,,,,,,,,,
20260618_171939,3,delay,20.07007051,3.594,3.6,0,real_gantt_duration_synchronized,78.99,79.06,-0.07,8,,,,,,,,,,,
20260618_171939,4,delay,23.65345979,7.188,7.18,0,real_gantt_duration_synchronized,86.1738,83.88,2.2938,8,,,,,,,,,,,
20260618_171939,5,delay,42.23275948,1.797,1.8,0,real_gantt_duration_synchronized,85.4538,86.43,-0.9762,10,,,,,,,,,,,
20260618_171939,6,delay,44.04948711,3.594,3.59,0,real_gantt_duration_synchronized,89.0438,90.02,-0.9762,10,,,,,,,,,,,
20260618_171939,7,delay,47.61713648,7.188,7.19,0,real_gantt_duration_synchronized,96.2376,95,1.2376,10,,,,,,,,,,,
20260618_171939,8,delay,54.84334898,7.188,7.19,0,real_gantt_duration_synchronized,103.4276,100.93,2.4976,10,,,,,,,,,,,
20260618_171939,9,delay,67.60051155,1.79,1.79,0,real_gantt_duration_synchronized,101.0776,98.82,2.2576,14,,,,,,,,,,,
20260618_171939,10,delay,69.39955807,3.58,3.58,0,real_gantt_duration_synchronized,104.6576,102.4,2.2576,14,,,,,,,,,,,
20260618_171939,11,delay,81.37030363,1.7319,1.74,0,real_gantt_duration_synchronized,101.9076,99.79,2.1176,18,,,,,,,,,,,
20260618_171939,12,delay,83.0762763,3.4638,3.46,0,real_gantt_duration_synchronized,105.3676,103.25,2.1176,18,,,,,,,,,,,
20260618_172550,1,delay,6.872375488,1.8096,1.81,0,real_gantt_duration_synchronized,73.5,73.57,-0.07,3,,,,,,,,,,,
20260618_172550,2,delay,17.2739253,1.7319,1.74,0,real_gantt_duration_synchronized,74.31,74.46,-0.15,6,,,,,,,,,,,
20260618_172550,3,delay,18.93399429,3.4638,3.46,0,real_gantt_duration_synchronized,77.77,77.92,-0.15,6,,,,,,,,,,,
20260618_172550,5,delay,24.16331983,6.9276,6.93,0,real_gantt_duration_synchronized,79.504,83.03,-3.526,6,,,,,,,,,,,
20260618_172550,6,delay,49.40398884,1.6689,1.67,0,real_gantt_duration_synchronized,79.954,80.73,-0.776,15,,,,,,,,,,,
20260618_172550,7,delay,51.03110361,3.3378,3.33,0,real_gantt_duration_synchronized,83.284,84.07,-0.786,15,,,,,,,,,,,
20260618_172550,8,delay,54.42402482,6.6756,6.68,0,real_gantt_duration_synchronized,89.964,89.33,0.634,15,,,,,,,,,,,
20260618_172550,9,delay,61.04439163,6.6756,6.68,0,real_gantt_duration_synchronized,96.644,93.84,2.804,15,,,,,,,,,,,
20260618_172550,10,delay,67.73419952,6.6756,6.67,0,real_gantt_duration_synchronized,103.314,100.51,2.804,15,,,,,,,,,,,
20260618_172550,11,delay,74.45662475,6.6756,6.68,0,real_gantt_duration_synchronized,109.994,107.19,2.804,15,,,,,,,,,,,
20260618_172550,12,delay,86.73429894,1.7319,1.74,0,real_gantt_duration_synchronized,107.844,105.17,2.674,18,,,,,,,,,,,
20260618_172550,13,delay,99.19538975,1.797,1.8,0,real_gantt_duration_synchronized,107.054,104.56,2.494,23,,,,,,,,,,,
20260618_173434,1,delay,19.84171033,1.797,1.8,0,real_gantt_duration_synchronized,73.47,73.58,-0.11,8,,,,,,,,,,,
20260618_173434,2,delay,21.69629884,3.594,3.6,0,real_gantt_duration_synchronized,77.07,77.17,-0.1,8,,,,,,,,,,,
20260618_173434,3,delay,25.27963257,7.188,7.18,0,real_gantt_duration_synchronized,84.25,84.36,-0.11,8,,,,,,,,,,,
20260618_173434,4,delay,32.11500049,2.9619,2.97,0,real_gantt_duration_synchronized,80.93,81.09,-0.16,9,,,,,,,,,,,
20260618_173434,5,delay,36.96925402,1.7319,1.74,0,real_gantt_duration_synchronized,81.01,81.21,-0.2,12,,,,,,,,,,,
20260618_173434,6,delay,46.45796514,2.9619,2.97,0,real_gantt_duration_synchronized,82.1,82.4,-0.3,13,,,,,,,,,,,
20260618_173434,7,delay,51.10798836,1.6689,1.67,0,real_gantt_duration_synchronized,82.14,82.46,-0.32,15,,,,,,,,,,,
20260618_173434,8,delay,52.78850698,3.3378,3.33,0,real_gantt_duration_synchronized,85.47,85.8,-0.33,15,,,,,,,,,,,
20260618_173434,9,delay,57.78736997,1.79,1.79,0,real_gantt_duration_synchronized,85.3,85.65,-0.35,14,,,,,,,,,,,
20260618_173434,10,delay,59.53300834,3.58,3.58,0,real_gantt_duration_synchronized,88.88,89.23,-0.35,14,,,,,,,,,,,
20260618_173434,11,delay,66.32418966,2.9619,2.97,0,real_gantt_duration_synchronized,89.03,89.44,-0.41,17,,,,,,,,,,,
20260618_173434,12,delay,71.06420755,1.7319,1.74,0,real_gantt_duration_synchronized,89.1,89.53,-0.43,18,,,,,,,,,,,
20260618_173434,13,delay,72.83186293,3.4638,3.46,0,real_gantt_duration_synchronized,92.56,92.99,-0.43,18,,,,,,,,,,,
20260618_173434,14,delay,76.29641628,6.9276,6.93,0,real_gantt_duration_synchronized,99.494,97.29,2.204,18,,,,,,,,,,,
20260618_173434,15,delay,83.24856257,6.9276,6.92,0,real_gantt_duration_synchronized,106.414,103.25,3.164,18,,,,,,,,,,,
20260618_173434,16,delay,95.54964542,1.797,1.8,0,real_gantt_duration_synchronized,103.964,100.94,3.024,23,,,,,,,,,,,
20260618_173434,17,delay,97.33949423,3.594,3.59,0,real_gantt_duration_synchronized,107.554,104.54,3.014,23,,,,,,,,,,,
20260618_174248,1,delay,28.91483307,1.797,1.8,0,real_gantt_duration_synchronized,72.9,73.08,-0.18,10,,,,,,,,,,,
20260618_174248,2,delay,30.6885879,3.594,3.59,0,real_gantt_duration_synchronized,76.49,76.68,-0.19,10,,,,,,,,,,,
20260618_174248,3,delay,34.26081252,7.188,7.19,0,real_gantt_duration_synchronized,83.6838,81.5,2.1838,10,,,,,,,,,,,
20260618_174248,4,delay,41.46196437,7.188,7.19,0,real_gantt_duration_synchronized,90.8738,87.59,3.2838,10,,,,,,,,,,,
20260618_174248,5,delay,52.67391944,1.79,1.79,0,real_gantt_duration_synchronized,87.0938,83.91,3.1838,14,,,,,,,,,,,
20260618_174248,6,delay,65.86189723,1.7319,1.74,0,real_gantt_duration_synchronized,85.7738,84.3,1.4738,18,,,,,,,,,,,
20260618_174248,7,delay,74.69843578,2.9619,2.97,0,real_gantt_duration_synchronized,86.2038,84.82,1.3838,21,,,,,,,,,,,
20260618_175053,1,delay,17.32591438,1.797,1.8,0,real_gantt_duration_synchronized,74.44,74.51,-0.07,8,,,,,,,,,,,
20260618_175805,1,delay,17.45590544,1.7319,1.74,0,real_gantt_duration_synchronized,74.59,74.65,-0.06,6,,,,,,,,,,,
20260618_175805,2,delay,26.38932991,2.9619,2.97,0,real_gantt_duration_synchronized,75.15,75.31,-0.16,9,,,,,,,,,,,
20260618_175805,3,delay,31.44275832,1.797,1.8,0,real_gantt_duration_synchronized,75.45,75.63,-0.18,10,,,,,,,,,,,
20260618_175805,4,delay,41.49086857,2.9619,2.97,0,real_gantt_duration_synchronized,77.21,77.47,-0.26,13,,,,,,,,,,,
20260618_180614,1,delay,64.56525207,1.797,1.8,0,real_gantt_duration_synchronized,69.89,69.95,-0.06,23,,,,,,,,,,,
20260618_180614,2,delay,66.34792924,3.594,3.59,0,real_gantt_duration_synchronized,73.48,73.54,-0.06,23,,,,,,,,,,,
20260618_180614,3,delay,69.99954391,7.188,7.19,0,real_gantt_duration_synchronized,80.6692,78.67,1.9992,23,,,,,,,,,,,
20260618_180614,4,delay,77.12034798,7.188,7.19,0,real_gantt_duration_synchronized,87.8592,84.3,3.5592,23,,,,,,,,,,,
20260618_182135,2,delay,65.14391637,1.8096,1.81,0,real_gantt_duration_synchronized,69.64,70.51,-0.87,22,,,,,,,,,,,
20260618_182902,1,delay,41.75636864,1.79,1.79,0,real_gantt_duration_synchronized,69.44,69.62,-0.18,14,,,,,,,,,,,
20260618_182902,2,delay,63.36003184,1.8096,1.81,0,real_gantt_duration_synchronized,70.64,68.72,1.92,22,,,,,,,,,,,
20260618_182902,3,delay,65.24675775,3.6192,3.62,0,real_gantt_duration_synchronized,74.26,72.34,1.92,22,,,,,,,,,,,
20260618_182902,4,delay,68.76313043,7.2384,7.24,0,real_gantt_duration_synchronized,81.504,76.62,4.884,22,,,,,,,,,,,
20260618_182902,5,delay,76.07346344,7.2384,7.23,0,real_gantt_duration_synchronized,88.734,83.22,5.514,22,,,,,,,,,,,
20260618_183455,1,delay,36.37355185,2.9619,2.97,0,real_gantt_duration_synchronized,72.3,72.35,-0.05,13,,,,,,,,,,,
20260618_183455,2,delay,39.3766284,5.9238,5.92,0,real_gantt_duration_synchronized,78.22,78.28,-0.06,13,,,,,,,,,,,
20260618_183455,3,delay,44.36576056,1.79,1.79,0,real_gantt_duration_synchronized,75.45,75.57,-0.12,14,,,,,,,,,,,
20260618_183455,4,delay,46.17030287,3.58,3.58,0,real_gantt_duration_synchronized,79.03,79.15,-0.12,14,,,,,,,,,,,
20260618_183455,5,delay,49.6986866,7.16,7.16,0,real_gantt_duration_synchronized,86.1878,84.33,1.8578,14,,,,,,,,,,,
20260618_183455,6,delay,56.88826156,7.16,7.16,0,real_gantt_duration_synchronized,93.3478,90.13,3.2178,14,,,,,,,,,,,
20260618_183455,7,delay,71.43829727,1.797,1.8,0,real_gantt_duration_synchronized,89.4378,86.33,3.1078,19,,,,,,,,,,,
20260618_183455,8,delay,73.24973273,3.594,3.59,0,real_gantt_duration_synchronized,93.0278,89.92,3.1078,19,,,,,,,,,,,
20260621_170757,1,delay,42.20127988,1.79,1.79,0,real_gantt_duration_synchronized,69.68,70.07,-0.39,14,,,,,,,,,,,
20260621_171234,1,delay,42.29567099,1.79,1.79,0,real_gantt_duration_synchronized,69.82,70.19,-0.37,14,,,,,,,,,,,
20260621_171649,1,delay,29.99572301,1.7319,1.74,0,real_gantt_duration_synchronized,70.35,70.62,-0.27,12,,,,,,,,,,,
20260621_172604,1,delay,40.77160311,1.79,1.79,0,real_gantt_duration_synchronized,68.46,68.61,-0.15,14,,,,,,,,,,,
20260621_173643,1,delay,6.895988703,1.8096,1.81,0,real_gantt_duration_synchronized,73.55,73.62,-0.07,3,,,,,,,,,,,
20260621_173643,2,delay,16.93274355,1.797,1.8,0,real_gantt_duration_synchronized,73.97,74.12,-0.15,8,,,,,,,,,,,
20260621_173643,3,delay,28.3473351,1.7319,1.74,0,real_gantt_duration_synchronized,72.36,72.61,-0.25,12,,,,,,,,,,,
20260621_173643,5,delay,40.88684797,1.6689,1.67,0,real_gantt_duration_synchronized,74.6638,72.21,2.4538,15,,,,,,,,,,,
20260621_173643,6,delay,52.43375039,1.7319,1.74,0,real_gantt_duration_synchronized,73.1738,70.89,2.2838,18,,,,,,,,,,,
20260621_174256,1,delay,65.33816385,1.797,1.8,0,real_gantt_duration_synchronized,70.52,70.74,-0.22,23,,,,,,,,,,,
20260621_174800,1,delay,7.175202608,1.8096,1.81,0,real_gantt_duration_synchronized,73.77,73.83,-0.06,3,,,,,,,,,,,
20260621_174800,2,delay,17.79055047,1.797,1.8,0,real_gantt_duration_synchronized,74.8,74.94,-0.14,8,,,,,,,,,,,
20260621_174800,3,delay,19.54855466,3.594,3.6,0,real_gantt_duration_synchronized,78.4,78.53,-0.13,8,,,,,,,,,,,
20260621_174800,4,delay,31.98766685,1.797,1.8,0,real_gantt_duration_synchronized,75.97,76.19,-0.22,10,,,,,,,,,,,
20260621_174800,5,delay,36.11320782,1.7319,1.74,0,real_gantt_duration_synchronized,76.56,76.8,-0.24,12,,,,,,,,,,,
20260621_174800,6,delay,37.85822296,3.4638,3.46,0,real_gantt_duration_synchronized,80.02,80.26,-0.24,12,,,,,,,,,,,
20260621_174800,7,delay,48.24905109,1.6689,1.67,0,real_gantt_duration_synchronized,79.23,79.58,-0.35,15,,,,,,,,,,,
20260621_174800,8,delay,61.08762002,1.7319,1.74,0,real_gantt_duration_synchronized,79,79.51,-0.51,18,,,,,,,,,,,
20260621_174800,9,delay,62.79943466,3.4638,3.46,0,real_gantt_duration_synchronized,82.46,82.97,-0.51,18,,,,,,,,,,,
20260621_174800,10,delay,74.74538827,1.797,1.8,0,real_gantt_duration_synchronized,79.47,80.15,-0.68,23,,,,,,,,,,,
20260621_180040,1,delay,27.93054104,1.797,1.8,0,real_gantt_duration_synchronized,71.76,72.08,-0.32,10,,,,,,,,,,,
20260621_180040,2,delay,29.70154738,3.594,3.59,0,real_gantt_duration_synchronized,75.35,75.68,-0.33,10,,,,,,,,,,,
20260621_180040,3,delay,43.34659719,1.79,1.79,0,real_gantt_duration_synchronized,74.01,74.57,-0.56,14,,,,,,,,,,,
20260621_180040,4,delay,47.86027431,1.6689,1.67,0,real_gantt_duration_synchronized,74.95,75.57,-0.62,15,,,,,,,,,,,
20260621_180040,5,delay,49.54167032,3.3378,3.33,0,real_gantt_duration_synchronized,78.28,78.91,-0.63,15,,,,,,,,,,,
20260621_180040,6,delay,59.2316103,1.7319,1.74,0,real_gantt_duration_synchronized,76.86,77.68,-0.82,18,,,,,,,,,,,
20260621_180040,7,delay,61.03772402,3.4638,3.46,0,real_gantt_duration_synchronized,80.32,81.14,-0.82,18,,,,,,,,,,,
20260621_180040,8,delay,65.6366508,1.797,1.8,0,real_gantt_duration_synchronized,79.66,80.55,-0.89,19,,,,,,,,,,,
20260621_180040,9,delay,75.14176321,1.8096,1.81,0,real_gantt_duration_synchronized,79.43,80.51,-1.08,22,,,,,,,,,,,
20260621_180040,10,delay,79.57205558,1.797,1.8,0,real_gantt_duration_synchronized,80.2,81.35,-1.15,23,,,,,,,,,,,
20260621_180040,11,delay,81.44679523,3.594,3.59,0,real_gantt_duration_synchronized,83.79,84.95,-1.16,23,,,,,,,,,,,
20260621_180040,12,delay,85.03692031,7.188,7.19,0,real_gantt_duration_synchronized,90.98,92.14,-1.16,23,,,,,,,,,,,
20260621_180040,13,delay,92.16597199,7.188,7.19,0,real_gantt_duration_synchronized,98.17,99.32,-1.15,23,,,,,,,,,,,
20260621_183301,1,delay,39.55023456,1.79,1.79,0,real_gantt_duration_synchronized,69.97,70.71,-0.74,14,,,,,,,,,,,
20260621_183301,2,delay,41.36328912,3.58,3.58,0,real_gantt_duration_synchronized,73.55,74.29,-0.74,14,,,,,,,,,,,
20260621_183301,3,delay,44.94705629,7.16,7.16,0,real_gantt_duration_synchronized,80.7078,79.57,1.1378,14,,,,,,,,,,,
20260621_183301,4,delay,52.05881381,7.16,7.16,0,real_gantt_duration_synchronized,87.8678,85.27,2.5978,14,,,,,,,,,,,
20260621_183301,5,delay,76.20589137,1.8096,1.81,0,real_gantt_duration_synchronized,82.9478,81.58,1.3678,22,,,,,,,,,,,
20260621_183749,1,delay,6.629566669,1.8096,1.81,0,real_gantt_duration_synchronized,73.29,73.35,-0.06,3,,,,,,,,,,,
20260621_183749,2,delay,17.00077128,1.797,1.8,0,real_gantt_duration_synchronized,74,74.13,-0.13,8,,,,,,,,,,,
20260621_183749,4,delay,42.95942831,1.79,1.79,0,real_gantt_duration_synchronized,74.8538,70.86,3.9938,14,,,,,,,,,,,
20260621_184824,1,delay,37.76141024,1.6689,1.67,0,real_gantt_duration_synchronized,69.03,69.1,-0.07,15,,,,,,,,,,,
20260621_191117,1,delay,39.45130038,1.79,1.79,0,real_gantt_duration_synchronized,70.27,70.67,-0.4,14,,,,,,,,,,,
20260621_191117,2,delay,41.22224855,3.58,3.58,0,real_gantt_duration_synchronized,73.85,74.25,-0.4,14,,,,,,,,,,,
20260621_191117,3,delay,44.80270505,7.16,7.16,0,real_gantt_duration_synchronized,81.0078,79.43,1.5778,14,,,,,,,,,,,
20260621_191117,4,delay,70.80495667,2.9619,2.97,0,real_gantt_duration_synchronized,81.1278,80.94,0.1878,21,,,,,,,,,,,
20260621_191926,2,delay,29.60576677,1.797,1.8,0,real_gantt_duration_synchronized,74.96,73.82,1.14,10,,,,,,,,,,,
20260621_192651,1,delay,39.10689569,1.6689,1.67,0,real_gantt_duration_synchronized,70.09,70.45,-0.36,15,,,,,,,,,,,
20260621_192651,2,delay,62.34936333,1.8096,1.81,0,real_gantt_duration_synchronized,69.39,67.68,1.71,22,,,,,,,,,,,
20260621_193635,1,delay,17.32901955,1.797,1.8,0,real_gantt_duration_synchronized,74.45,74.51,-0.06,8,,,,,,,,,,,
20260621_193635,2,delay,29.55563164,1.797,1.8,0,real_gantt_duration_synchronized,73.54,73.72,-0.18,10,,,,,,,,,,,
20260621_193635,3,delay,42.92368197,1.79,1.79,0,real_gantt_duration_synchronized,73.81,74.12,-0.31,14,,,,,,,,,,,
20260621_193635,4,delay,69.95457768,1.797,1.8,0,real_gantt_duration_synchronized,71.22,71.73,-0.51,23,,,,,,,,,,,
20260621_212643,1,delay,54.50336838,1.797,1.8,0,real_gantt_duration_synchronized,69.32,69.38,-0.06,19,,,,,,,,,,,
20260621_213147,1,delay,6.726128817,1.8096,1.81,0,real_gantt_duration_synchronized,73.38,73.46,-0.08,3,,,,,,,,,,,
20260621_213147,2,delay,30.15559268,1.797,1.8,0,real_gantt_duration_synchronized,70.72,70.9,-0.18,10,,,,,,,,,,,
20260621_213147,3,delay,36.99629784,2.9619,2.97,0,real_gantt_duration_synchronized,72.58,72.97,-0.39,13,,,,,,,,,,,
20260621_213147,4,delay,41.7128818,1.6689,1.67,0,real_gantt_duration_synchronized,72.6,73.02,-0.42,15,,,,,,,,,,,
20260621_213147,5,delay,51.94584203,2.9619,2.97,0,real_gantt_duration_synchronized,74.58,75.09,-0.51,17,,,,,,,,,,,
20260621_213147,6,delay,67.7148695,1.8096,1.81,0,real_gantt_duration_synchronized,72.42,73.06,-0.64,22,,,,,,,,,,,
20260621_213147,7,delay,71.99856424,1.797,1.8,0,real_gantt_duration_synchronized,73.11,73.78,-0.67,23,,,,,,,,,,,
20260621_214416,1,delay,16.86846042,1.797,1.8,0,real_gantt_duration_synchronized,73.96,74.02,-0.06,8,,,,,,,,,,,
20260621_214416,2,delay,21.03217435,1.7319,1.74,0,real_gantt_duration_synchronized,74.62,74.69,-0.07,6,,,,,,,,,,,
20260621_214416,3,delay,41.95765233,1.79,1.79,0,real_gantt_duration_synchronized,72.88,73.14,-0.26,14,,,,,,,,,,,
20260621_214416,4,delay,43.70390224,3.58,3.58,0,real_gantt_duration_synchronized,76.46,76.72,-0.26,14,,,,,,,,,,,
20260621_214416,5,delay,47.309654,7.16,7.16,0,real_gantt_duration_synchronized,83.6178,81.94,1.6778,14,,,,,,,,,,,
20260621_214416,6,delay,54.43543005,7.16,7.16,0,real_gantt_duration_synchronized,90.7778,87.71,3.0678,14,,,,,,,,,,,
20260621_214416,7,delay,65.14453554,1.7319,1.74,0,real_gantt_duration_synchronized,84.8278,83.6,1.2278,18,,,,,,,,,,,
20260621_214951,2,delay,38.66707945,1.6689,1.67,0,real_gantt_duration_synchronized,74.06,70.02,4.04,15,,,,,,,,,,,
20260621_214951,3,delay,40.37524271,3.3378,3.33,0,real_gantt_duration_synchronized,77.39,73.36,4.03,15,,,,,,,,,,,
20260621_214951,4,delay,43.66804147,6.6756,6.68,0,real_gantt_duration_synchronized,84.07,78.57,5.5,15,,,,,,,,,,,
20260621_220456,1,delay,17.77207065,1.797,1.8,0,real_gantt_duration_synchronized,74.72,74.97,-0.25,8,,,,,,,,,,,
20260621_220456,2,delay,41.26554537,1.79,1.79,0,real_gantt_duration_synchronized,71.67,72.44,-0.77,14,,,,,,,,,,,
20260621_220456,3,delay,43.04945278,3.58,3.58,0,real_gantt_duration_synchronized,75.25,76.02,-0.77,14,,,,,,,,,,,
20260621_220456,4,delay,47.21821165,1.6689,1.67,0,real_gantt_duration_synchronized,74.12,74.98,-0.86,15,,,,,,,,,,,
20260621_220456,5,delay,48.86276722,3.3378,3.33,0,real_gantt_duration_synchronized,77.45,78.32,-0.87,15,,,,,,,,,,,
20260621_220456,6,delay,52.28999972,6.6756,6.68,0,real_gantt_duration_synchronized,84.13,84.99,-0.86,15,,,,,,,,,,,
20260621_220456,7,delay,65.52336287,1.797,1.8,0,real_gantt_duration_synchronized,79.31,80.42,-1.11,19,,,,,,,,,,,
20260621_220456,8,delay,67.3026216,3.594,3.59,0,real_gantt_duration_synchronized,82.9,84.02,-1.12,19,,,,,,,,,,,
20260621_220456,9,delay,76.2930491,1.797,1.8,0,real_gantt_duration_synchronized,80.3,81.61,-1.31,23,,,,,,,,,,,
20260621_220456,10,delay,81.0784595,1.8096,1.81,0,real_gantt_duration_synchronized,81.45,82.83,-1.38,22,,,,,,,,,,,
20260621_220936,1,delay,36.30577922,2.9619,2.97,0,real_gantt_duration_synchronized,72.12,72.19,-0.07,13,,,,,,,,,,,
20260621_220936,2,delay,39.18247318,5.9238,5.92,0,real_gantt_duration_synchronized,78.04,78.11,-0.07,13,,,,,,,,,,,
20260621_220936,3,delay,45.20331073,11.8476,11.85,0,real_gantt_duration_synchronized,89.89,89.96,-0.07,13,,,,,,,,,,,
20260621_220936,4,delay,50.01205039,1.6689,1.67,0,real_gantt_duration_synchronized,81.17,81.33,-0.16,15,,,,,,,,,,,
20260621_220936,5,delay,51.64162922,3.3378,3.33,0,real_gantt_duration_synchronized,84.5,84.67,-0.17,15,,,,,,,,,,,
20260621_220936,6,delay,55.06178284,6.6756,6.68,0,real_gantt_duration_synchronized,91.18,89.97,1.21,15,,,,,,,,,,,
20260621_220936,7,delay,61.67195225,6.6756,6.68,0,real_gantt_duration_synchronized,97.86,94.44,3.42,15,,,,,,,,,,,
20260621_220936,8,delay,68.42103601,6.6756,6.67,0,real_gantt_duration_synchronized,104.53,101.12,3.41,15,,,,,,,,,,,
20260621_221335,1,delay,6.841884375,1.8096,1.81,0,real_gantt_duration_synchronized,73.4,73.51,-0.11,3,,,,,,,,,,,
20260621_221335,2,delay,28.78589439,1.797,1.8,0,real_gantt_duration_synchronized,72.5,72.97,-0.47,10,,,,,,,,,,,
20260621_221335,3,delay,39.21697855,2.9619,2.97,0,real_gantt_duration_synchronized,74.52,75.17,-0.65,13,,,,,,,,,,,
20260621_221335,4,delay,42.17984104,5.9238,5.92,0,real_gantt_duration_synchronized,80.44,81.1,-0.66,13,,,,,,,,,,,
20260621_221335,5,delay,57.46671057,1.7319,1.74,0,real_gantt_duration_synchronized,74.93,76.09,-1.16,18,,,,,,,,,,,
20260621_221747,1,delay,4.020846367,1.9965,2,0,real_gantt_duration_synchronized,74.49,74.53,-0.04,2,,,,,,,,,,,
20260621_221747,2,delay,16.82637405,1.797,1.8,0,real_gantt_duration_synchronized,73.89,73.97,-0.08,8,,,,,,,,,,,
20260621_221747,3,delay,28.41943336,1.7319,1.74,0,real_gantt_duration_synchronized,72.39,72.7,-0.31,12,,,,,,,,,,,
20260621_221747,4,delay,30.24550343,3.4638,3.46,0,real_gantt_duration_synchronized,75.85,76.17,-0.32,12,,,,,,,,,,,
20260621_221747,5,delay,45.9286654,1.6689,1.67,0,real_gantt_duration_synchronized,73.09,73.72,-0.63,15,,,,,,,,,,,
20260621_221747,6,delay,58.88276267,1.797,1.8,0,real_gantt_duration_synchronized,73.01,73.79,-0.78,19,,,,,,,,,,,
20260621_222241,1,delay,6.223499775,1.8096,1.81,0,real_gantt_duration_synchronized,72.82,72.89,-0.07,3,,,,,,,,,,,
20260621_222241,2,delay,43.13081336,1.6689,1.67,0,real_gantt_duration_synchronized,70.46,70.92,-0.46,15,,,,,,,,,,,
20260621_222707,1,delay,6.213321924,1.8096,1.81,0,real_gantt_duration_synchronized,72.85,72.92,-0.07,3,,,,,,,,,,,
20260621_223136,1,delay,4.030150175,1.9965,2,0,real_gantt_duration_synchronized,74.49,74.53,-0.04,2,,,,,,,,,,,
20260621_223136,2,delay,6.020073652,3.993,3.99,0,real_gantt_duration_synchronized,78.48,78.52,-0.04,2,,,,,,,,,,,
20260621_223136,3,delay,10.00132799,7.986,7.99,0,real_gantt_duration_synchronized,86.4692,83.15,3.3192,2,,,,,,,,,,,
20260621_223136,4,delay,64.28593349,1.797,1.8,0,real_gantt_duration_synchronized,79.2992,79.18,0.1192,19,,,,,,,,,,,
20260621_223136,5,delay,66.09980369,3.594,3.59,0,real_gantt_duration_synchronized,82.8892,82.78,0.1092,19,,,,,,,,,,,
20260621_223136,6,delay,69.67038822,7.188,7.19,0,real_gantt_duration_synchronized,90.0792,89.96,0.1192,19,,,,,,,,,,,
20260621_223602,1,delay,17.46025038,1.7319,1.74,0,real_gantt_duration_synchronized,74.59,74.71,-0.12,6,,,,,,,,,,,
20260621_223602,2,delay,19.22456074,3.4638,3.46,0,real_gantt_duration_synchronized,78.05,78.17,-0.12,6,,,,,,,,,,,
20260621_223602,3,delay,22.66426396,6.9276,6.93,0,real_gantt_duration_synchronized,84.984,82.46,2.524,6,,,,,,,,,,,
20260621_223602,4,delay,39.69927454,1.797,1.8,0,real_gantt_duration_synchronized,81.644,83.9,-2.256,10,,,,,,,,,,,
20260621_223602,5,delay,65.90563893,1.797,1.8,0,real_gantt_duration_synchronized,78.254,80.81,-2.556,19,,,,,,,,,,,
20260621_223602,6,delay,75.21251774,1.797,1.8,0,real_gantt_duration_synchronized,77.674,80.56,-2.886,23,,,,,,,,,,,
20260616_163957,3,order,32.83681321,0,0,3.35,order_wrong_first_actual_plus_fixed_3.35_on_earlier_task,78.19,75.39,2.8,10,10,12,10,12,3.28,3.59,3.28,3.4638,3.35,0.18,0
20260616_163957,6,order,56.86360765,0,0.94,3.35,order_wrong_first_actual_plus_fixed_3.35_on_earlier_task,77.304,73.46,3.844,18,18,19,18,19,4.53,3.46,4.53,3.594,3.35,1.74,0.94
20260616_163957,7,order,67.5703814,0,0,3.35,order_wrong_first_actual_plus_fixed_3.35_on_earlier_task,77.834,71.19,6.644,22,22,23,22,23,3.05,3.62,3.05,3.594,3.35,0.54,0
20260616_165213,3,order,20.06559587,0,3.86,3.35,order_wrong_first_actual_plus_fixed_3.35_on_earlier_task,78.6938,75.6,3.0938,8,8,6,8,6,7.32,3.59,7.32,3.4638,3.35,5.4,3.86
20260616_165213,4,order,28.87502646,0,0,3.35,order_wrong_first_actual_plus_fixed_3.35_on_earlier_task,77.6238,71.43,6.1938,10,10,12,10,12,2.22,3.59,2.22,3.4638,3.35,1.24,0
20260616_165213,6,order,51.9700067,0,0,3.35,order_wrong_first_actual_plus_fixed_3.35_on_earlier_task,76.8138,68.57,8.2438,18,18,19,18,19,3.04,3.46,3.04,3.594,3.35,0.55,0
20260617_161127,2,order,17.69330406,0,0.78,3.35,order_wrong_first_actual_plus_fixed_3.35_on_earlier_task,76.3938,73.23,3.1638,8,8,6,8,6,4.24,3.59,4.24,3.4638,3.35,1.8,0.78
20260617_161127,5,order,33.82336855,0,4.18,3.35,order_wrong_first_actual_plus_fixed_3.35_on_earlier_task,79.5076,76.25,3.2576,10,12,10,10,12,3.46,7.77,3.46,3.4638,3.35,5.2,4.18
20260617_161833,1,order,16.97418499,0,0,3.35,order_wrong_first_actual_plus_fixed_3.35_on_earlier_task,75.41,72.38,3.03,6,6,8,6,8,3.2,3.46,3.2,3.594,3.35,0.39,0
20260617_162610,2,order,18.65743828,0,1.01,3.35,order_wrong_first_actual_plus_fixed_3.35_on_earlier_task,77.3538,74.19,3.1638,8,8,6,8,6,4.47,3.59,4.47,3.4638,3.35,1.8,1.01
20260617_162610,4,order,31.89905,0,1.6,3.35,order_wrong_first_actual_plus_fixed_3.35_on_earlier_task,81.4976,74.45,7.0476,10,10,12,10,12,5.06,3.59,5.06,3.4638,3.35,1.8,1.6
20260617_163225,8,order,54.8352015,0,0.43,3.35,order_wrong_first_actual_plus_fixed_3.35_on_earlier_task,85.4638,84.29,1.1738,15,15,14,15,14,4.01,3.34,4.01,3.58,3.35,1.67,0.43
20260617_170735,4,order,55.28527474,0,3.04,3.35,order_wrong_first_actual_plus_fixed_3.35_on_earlier_task,74.084,71.89,2.194,18,18,19,18,19,6.63,3.46,6.63,3.594,3.35,5.2,3.04
20260617_214847,12,order,59.41681576,0,2.67,3.35,order_wrong_first_actual_plus_fixed_3.35_on_earlier_task,89.66,89.12,0.54,15,14,15,15,14,3.58,6.01,3.58,3.58,3.35,5.37,2.67
20260617_214847,16,order,75.70554137,0,2.24,3.35,order_wrong_first_actual_plus_fixed_3.35_on_earlier_task,96.634,92.31,4.324,18,18,19,18,19,5.83,3.46,5.83,3.594,3.35,5.2,2.24
20260617_214847,19,order,88.16107082,0,2.79,3.35,order_wrong_first_actual_plus_fixed_3.35_on_earlier_task,101.588,91.78,9.808,22,22,23,22,23,6.38,3.62,6.38,3.594,3.35,5.43,2.79
20260617_230214,8,order,60.04247022,0,5.18,3.35,order_wrong_first_actual_plus_fixed_3.35_on_earlier_task,77.834,76.64,1.194,18,18,19,18,19,8.77,3.46,8.77,3.594,3.35,5.2,5.18
20260618_144336,1,order,14.69489956,0,0,3.35,order_wrong_first_actual_plus_fixed_3.35_on_earlier_task,71.36,70.1,1.26,6,6,8,6,8,1.43,3.46,1.43,3.594,3.35,2.16,0
20260618_144336,2,order,25.29052639,0,0,3.35,order_wrong_first_actual_plus_fixed_3.35_on_earlier_task,72.28,67.84,4.44,10,10,12,10,12,2.93,3.59,2.93,3.4638,3.35,0.53,0
20260618_144802,4,order,52.85218358,0,0.56,3.35,order_wrong_first_actual_plus_fixed_3.35_on_earlier_task,71.374,69.45,1.924,18,18,19,18,19,4.15,3.46,4.15,3.594,3.35,1.74,0.56
20260618_144802,7,order,66.32850313,0,3.95,3.35,order_wrong_first_actual_plus_fixed_3.35_on_earlier_task,76.758,69.95,6.808,22,22,23,22,23,7.54,3.62,7.54,3.594,3.35,5.43,3.95
20260618_150754,1,order,62.1077776,0,0,3.35,order_wrong_first_actual_plus_fixed_3.35_on_earlier_task,67.69,67.45,0.24,22,22,23,22,23,2.28,3.62,2.28,3.594,3.35,1.31,0
20260618_155540,6,order,63.95545554,0,0.74,3.35,order_wrong_first_actual_plus_fixed_3.35_on_earlier_task,85.7478,80.56,5.1878,18,18,19,18,19,4.33,3.46,4.33,3.594,3.35,1.74,0.74
20260618_172550,4,order,20.69325542,0,3.37,3.35,order_wrong_first_actual_plus_fixed_3.35_on_earlier_task,79.424,76.1,3.324,6,6,8,6,8,6.96,3.46,6.96,3.594,3.35,5.2,3.37
20260618_175053,2,order,17.98560238,0,0.81,3.35,order_wrong_first_actual_plus_fixed_3.35_on_earlier_task,76.6738,73.52,3.1538,8,8,6,8,6,4.27,3.59,4.27,3.4638,3.35,1.8,0.81
20260618_182135,1,order,17.88557482,0,0.21,3.35,order_wrong_first_actual_plus_fixed_3.35_on_earlier_task,76.5938,73.42,3.1738,8,8,6,8,6,3.67,3.59,3.67,3.4638,3.35,0,0.21
20260621_173643,4,order,29.44060755,0,0.99,3.35,order_wrong_first_actual_plus_fixed_3.35_on_earlier_task,73.8438,71.86,1.9838,10,12,10,10,12,3.46,4.58,3.46,3.4638,3.35,1.74,0.99
20260621_173643,7,order,53.76910019,0,1.22,3.35,order_wrong_first_actual_plus_fixed_3.35_on_earlier_task,76.1378,70.37,5.7678,18,18,19,18,19,4.81,3.46,4.81,3.594,3.35,1.74,1.22
20260621_174256,2,order,66.2515533,0,0.9,3.35,order_wrong_first_actual_plus_fixed_3.35_on_earlier_task,72.9992,69.85,3.1492,23,23,22,23,22,4.52,3.59,4.52,3.6192,3.35,1.8,0.9
20260621_183749,3,order,17.71737194,0,0.93,3.35,order_wrong_first_actual_plus_fixed_3.35_on_earlier_task,76.3538,73.25,3.1038,8,8,6,8,6,4.39,3.59,4.39,3.4638,3.35,1.8,0.93
20260621_184824,2,order,38.43102574,0,0.46,3.35,order_wrong_first_actual_plus_fixed_3.35_on_earlier_task,71.41,67.89,3.52,15,15,14,15,14,4.04,3.34,4.04,3.58,3.35,1.67,0.46
20260621_185411,1,order,16.3934958,0,0,3.35,order_wrong_first_actual_plus_fixed_3.35_on_earlier_task,74.57,71.93,2.64,8,8,6,8,6,2.94,3.59,2.94,3.4638,3.35,0.52,0
20260621_191926,1,order,3.600242853,0,0,3.35,order_wrong_first_actual_plus_fixed_3.35_on_earlier_task,75.43,72.63,2.8,2,2,3,2,3,3.6,3.99,3.6,3.6192,3.35,0.02,0
20260621_192651,3,order,62.94454789,0,0.7,3.35,order_wrong_first_actual_plus_fixed_3.35_on_earlier_task,70.9592,66.56,4.3992,23,22,23,23,22,3.62,4.29,3.62,3.6192,3.35,1.81,0.7
20260621_214951,1,order,17.58556962,0,0,3.35,order_wrong_first_actual_plus_fixed_3.35_on_earlier_task,75.78,73.12,2.66,8,8,6,8,6,3.05,3.59,3.05,3.4638,3.35,0.41,0
20260621_222241,3,order,52.88444662,0,0,3.35,order_wrong_first_actual_plus_fixed_3.35_on_earlier_task,72.07,69.49,2.58,18,18,19,18,19,3.23,3.46,3.23,3.594,3.35,0.36,0
