case_id,num_events,offline_makespan,final_nores_makespan,final_dynamic_makespan,final_nores_minus_dynamic,dynamic_final_better,nores_final_better,tie,comparison_rule,tie_tolerance_seconds,final_comparison_png,output_dir
20260618_145723,0,72.63,67.78,67.79,-0.01,0,0,1,no_failure_tolerance,0.1,C:\Users\c2466\Desktop\task_monitor\batch_real_nores_outputs\20260618_145723\comparison_gantt.png,C:\Users\c2466\Desktop\task_monitor\batch_real_nores_outputs\20260618_145723
20260618_151245,0,72.63,67.89,67.91,-0.02,0,0,1,no_failure_tolerance,0.1,C:\Users\c2466\Desktop\task_monitor\batch_real_nores_outputs\20260618_151245\comparison_gantt.png,C:\Users\c2466\Desktop\task_monitor\batch_real_nores_outputs\20260618_151245
20260621_172052,0,72.63,67.72,67.72,0,0,0,1,no_failure_tolerance,0.1,C:\Users\c2466\Desktop\task_monitor\batch_real_nores_outputs\20260621_172052\comparison_gantt.png,C:\Users\c2466\Desktop\task_monitor\batch_real_nores_outputs\20260621_172052
20260621_175246,0,72.63,67.92,67.96,-0.04,0,0,1,no_failure_tolerance,0.1,C:\Users\c2466\Desktop\task_monitor\batch_real_nores_outputs\20260621_175246\comparison_gantt.png,C:\Users\c2466\Desktop\task_monitor\batch_real_nores_outputs\20260621_175246
20260621_193120,0,72.63,68.39,68.42,-0.03,0,0,1,no_failure_tolerance,0.1,C:\Users\c2466\Desktop\task_monitor\batch_real_nores_outputs\20260621_193120\comparison_gantt.png,C:\Users\c2466\Desktop\task_monitor\batch_real_nores_outputs\20260621_193120
20260621_170757,1,72.63,67.85,65.35,2.5,1,0,0,failure_case_exact_difference,0,C:\Users\c2466\Desktop\task_monitor\batch_real_nores_outputs\20260621_170757\comparison_gantt.png,C:\Users\c2466\Desktop\task_monitor\batch_real_nores_outputs\20260621_170757
20260621_171234,1,72.63,67.93,65.52,2.41,1,0,0,failure_case_exact_difference,0,C:\Users\c2466\Desktop\task_monitor\batch_real_nores_outputs\20260621_171234\comparison_gantt.png,C:\Users\c2466\Desktop\task_monitor\batch_real_nores_outputs\20260621_171234
20260621_171649,1,72.63,67.84,65.87,1.97,1,0,0,failure_case_exact_difference,0,C:\Users\c2466\Desktop\task_monitor\batch_real_nores_outputs\20260621_171649\comparison_gantt.png,C:\Users\c2466\Desktop\task_monitor\batch_real_nores_outputs\20260621_171649
20260621_172604,1,72.63,67.71,63.7,4.01,1,0,0,failure_case_exact_difference,0,C:\Users\c2466\Desktop\task_monitor\batch_real_nores_outputs\20260621_172604\comparison_gantt.png,C:\Users\c2466\Desktop\task_monitor\batch_real_nores_outputs\20260621_172604
20260621_185411,1,72.63,68.34,67.65,0.69,1,0,0,failure_case_exact_difference,0,C:\Users\c2466\Desktop\task_monitor\batch_real_nores_outputs\20260621_185411\comparison_gantt.png,C:\Users\c2466\Desktop\task_monitor\batch_real_nores_outputs\20260621_185411
20260621_212643,1,72.63,67.85,66.56,1.29,1,0,0,failure_case_exact_difference,0,C:\Users\c2466\Desktop\task_monitor\batch_real_nores_outputs\20260621_212643\comparison_gantt.png,C:\Users\c2466\Desktop\task_monitor\batch_real_nores_outputs\20260621_212643
20260621_222707,1,72.63,68.34,68.64,-0.3,0,1,0,failure_case_exact_difference,0,C:\Users\c2466\Desktop\task_monitor\batch_real_nores_outputs\20260621_222707\comparison_gantt.png,C:\Users\c2466\Desktop\task_monitor\batch_real_nores_outputs\20260621_222707
20260617_170056,2,72.63,67.89,66.65,1.24,1,0,0,failure_case_exact_difference,0,C:\Users\c2466\Desktop\task_monitor\batch_real_nores_outputs\20260617_170056\comparison_gantt.png,C:\Users\c2466\Desktop\task_monitor\batch_real_nores_outputs\20260617_170056
20260618_150754,2,72.63,68.39,68.43,-0.04,0,1,0,failure_case_exact_difference,0,C:\Users\c2466\Desktop\task_monitor\batch_real_nores_outputs\20260618_150754\comparison_gantt.png,C:\Users\c2466\Desktop\task_monitor\batch_real_nores_outputs\20260618_150754
20260618_175053,2,72.63,67.81,68.72,-0.91,0,1,0,failure_case_exact_difference,0,C:\Users\c2466\Desktop\task_monitor\batch_real_nores_outputs\20260618_175053\comparison_gantt.png,C:\Users\c2466\Desktop\task_monitor\batch_real_nores_outputs\20260618_175053
20260618_182135,2,72.63,68.3,69.1,-0.8,0,1,0,failure_case_exact_difference,0,C:\Users\c2466\Desktop\task_monitor\batch_real_nores_outputs\20260618_182135\comparison_gantt.png,C:\Users\c2466\Desktop\task_monitor\batch_real_nores_outputs\20260618_182135
20260621_174256,2,72.63,72.9992,69.32,3.6792,1,0,0,failure_case_exact_difference,0,C:\Users\c2466\Desktop\task_monitor\batch_real_nores_outputs\20260621_174256\comparison_gantt.png,C:\Users\c2466\Desktop\task_monitor\batch_real_nores_outputs\20260621_174256
20260621_184824,2,72.63,68.07,63.33,4.74,1,0,0,failure_case_exact_difference,0,C:\Users\c2466\Desktop\task_monitor\batch_real_nores_outputs\20260621_184824\comparison_gantt.png,C:\Users\c2466\Desktop\task_monitor\batch_real_nores_outputs\20260621_184824
20260621_191926,2,72.63,71.26,70.47,0.79,1,0,0,failure_case_exact_difference,0,C:\Users\c2466\Desktop\task_monitor\batch_real_nores_outputs\20260621_191926\comparison_gantt.png,C:\Users\c2466\Desktop\task_monitor\batch_real_nores_outputs\20260621_191926
20260617_165310,3,72.63,67.98,66.1,1.88,1,0,0,failure_case_exact_difference,0,C:\Users\c2466\Desktop\task_monitor\batch_real_nores_outputs\20260617_165310\comparison_gantt.png,C:\Users\c2466\Desktop\task_monitor\batch_real_nores_outputs\20260617_165310
20260617_224021,3,72.63,67.99,70.45,-2.46,0,1,0,failure_case_exact_difference,0,C:\Users\c2466\Desktop\task_monitor\batch_real_nores_outputs\20260617_224021\comparison_gantt.png,C:\Users\c2466\Desktop\task_monitor\batch_real_nores_outputs\20260617_224021
20260618_144336,3,72.63,68.09,65.14,2.95,1,0,0,failure_case_exact_difference,0,C:\Users\c2466\Desktop\task_monitor\batch_real_nores_outputs\20260618_144336\comparison_gantt.png,C:\Users\c2466\Desktop\task_monitor\batch_real_nores_outputs\20260618_144336
20260621_192651,3,72.63,70.9592,65.61,5.3492,1,0,0,failure_case_exact_difference,0,C:\Users\c2466\Desktop\task_monitor\batch_real_nores_outputs\20260621_192651\comparison_gantt.png,C:\Users\c2466\Desktop\task_monitor\batch_real_nores_outputs\20260621_192651
20260621_222241,3,72.63,70.31,66.91,3.4,1,0,0,failure_case_exact_difference,0,C:\Users\c2466\Desktop\task_monitor\batch_real_nores_outputs\20260621_222241\comparison_gantt.png,C:\Users\c2466\Desktop\task_monitor\batch_real_nores_outputs\20260621_222241
20260617_161833,4,72.63,75.5938,75.59,0.0038,1,0,0,failure_case_exact_difference,0,C:\Users\c2466\Desktop\task_monitor\batch_real_nores_outputs\20260617_161833\comparison_gantt.png,C:\Users\c2466\Desktop\task_monitor\batch_real_nores_outputs\20260617_161833
20260617_164554,4,72.63,69.87,68.82,1.05,1,0,0,failure_case_exact_difference,0,C:\Users\c2466\Desktop\task_monitor\batch_real_nores_outputs\20260617_164554\comparison_gantt.png,C:\Users\c2466\Desktop\task_monitor\batch_real_nores_outputs\20260617_164554
20260617_225645,4,72.63,75.8538,81.77,-5.9162,0,1,0,failure_case_exact_difference,0,C:\Users\c2466\Desktop\task_monitor\batch_real_nores_outputs\20260617_225645\comparison_gantt.png,C:\Users\c2466\Desktop\task_monitor\batch_real_nores_outputs\20260617_225645
20260618_143804,4,72.63,68.04,66.23,1.81,1,0,0,failure_case_exact_difference,0,C:\Users\c2466\Desktop\task_monitor\batch_real_nores_outputs\20260618_143804\comparison_gantt.png,C:\Users\c2466\Desktop\task_monitor\batch_real_nores_outputs\20260618_143804
20260618_175805,4,72.63,69.53,72.61,-3.08,0,1,0,failure_case_exact_difference,0,C:\Users\c2466\Desktop\task_monitor\batch_real_nores_outputs\20260618_175805\comparison_gantt.png,C:\Users\c2466\Desktop\task_monitor\batch_real_nores_outputs\20260618_175805
20260618_180614,4,72.63,85.1592,81.6,3.5592,1,0,0,failure_case_exact_difference,0,C:\Users\c2466\Desktop\task_monitor\batch_real_nores_outputs\20260618_180614\comparison_gantt.png,C:\Users\c2466\Desktop\task_monitor\batch_real_nores_outputs\20260618_180614
20260621_183749,4,72.63,70.4238,66.71,3.7138,1,0,0,failure_case_exact_difference,0,C:\Users\c2466\Desktop\task_monitor\batch_real_nores_outputs\20260621_183749\comparison_gantt.png,C:\Users\c2466\Desktop\task_monitor\batch_real_nores_outputs\20260621_183749
20260621_191117,4,72.63,78.4078,78.27,0.1378,1,0,0,failure_case_exact_difference,0,C:\Users\c2466\Desktop\task_monitor\batch_real_nores_outputs\20260621_191117\comparison_gantt.png,C:\Users\c2466\Desktop\task_monitor\batch_real_nores_outputs\20260621_191117
20260621_193635,4,72.63,70.07,70.58,-0.51,0,1,0,failure_case_exact_difference,0,C:\Users\c2466\Desktop\task_monitor\batch_real_nores_outputs\20260621_193635\comparison_gantt.png,C:\Users\c2466\Desktop\task_monitor\batch_real_nores_outputs\20260621_193635
20260621_214951,4,72.63,77.59,74.04,3.55,1,0,0,failure_case_exact_difference,0,C:\Users\c2466\Desktop\task_monitor\batch_real_nores_outputs\20260621_214951\comparison_gantt.png,C:\Users\c2466\Desktop\task_monitor\batch_real_nores_outputs\20260621_214951
20260617_170735,5,72.63,71.284,69.68,1.604,1,0,0,failure_case_exact_difference,0,C:\Users\c2466\Desktop\task_monitor\batch_real_nores_outputs\20260617_170735\comparison_gantt.png,C:\Users\c2466\Desktop\task_monitor\batch_real_nores_outputs\20260617_170735
20260618_153713,5,72.63,73.3,76,-2.7,0,1,0,failure_case_exact_difference,0,C:\Users\c2466\Desktop\task_monitor\batch_real_nores_outputs\20260618_153713\comparison_gantt.png,C:\Users\c2466\Desktop\task_monitor\batch_real_nores_outputs\20260618_153713
20260618_182902,5,72.63,86.944,81.43,5.514,1,0,0,failure_case_exact_difference,0,C:\Users\c2466\Desktop\task_monitor\batch_real_nores_outputs\20260618_182902\comparison_gantt.png,C:\Users\c2466\Desktop\task_monitor\batch_real_nores_outputs\20260618_182902
20260621_183301,5,72.63,81.6378,80.65,0.9878,1,0,0,failure_case_exact_difference,0,C:\Users\c2466\Desktop\task_monitor\batch_real_nores_outputs\20260621_183301\comparison_gantt.png,C:\Users\c2466\Desktop\task_monitor\batch_real_nores_outputs\20260621_183301
20260621_221335,5,72.63,72.43,75.4,-2.97,0,1,0,failure_case_exact_difference,0,C:\Users\c2466\Desktop\task_monitor\batch_real_nores_outputs\20260621_221335\comparison_gantt.png,C:\Users\c2466\Desktop\task_monitor\batch_real_nores_outputs\20260621_221335
20260621_221747,6,72.63,70.16,71.03,-0.87,0,1,0,failure_case_exact_difference,0,C:\Users\c2466\Desktop\task_monitor\batch_real_nores_outputs\20260621_221747\comparison_gantt.png,C:\Users\c2466\Desktop\task_monitor\batch_real_nores_outputs\20260621_221747
20260621_223136,6,72.63,82.3992,82.38,0.0192,1,0,0,failure_case_exact_difference,0,C:\Users\c2466\Desktop\task_monitor\batch_real_nores_outputs\20260621_223136\comparison_gantt.png,C:\Users\c2466\Desktop\task_monitor\batch_real_nores_outputs\20260621_223136
20260621_223602,6,72.63,76.404,79.33,-2.926,0,1,0,failure_case_exact_difference,0,C:\Users\c2466\Desktop\task_monitor\batch_real_nores_outputs\20260621_223602\comparison_gantt.png,C:\Users\c2466\Desktop\task_monitor\batch_real_nores_outputs\20260621_223602
20260617_163852,7,72.63,79.2878,86.08,-6.7922,0,1,0,failure_case_exact_difference,0,C:\Users\c2466\Desktop\task_monitor\batch_real_nores_outputs\20260617_163852\comparison_gantt.png,C:\Users\c2466\Desktop\task_monitor\batch_real_nores_outputs\20260617_163852
20260617_224555,7,72.63,81.4538,84.47,-3.0162,0,1,0,failure_case_exact_difference,0,C:\Users\c2466\Desktop\task_monitor\batch_real_nores_outputs\20260617_224555\comparison_gantt.png,C:\Users\c2466\Desktop\task_monitor\batch_real_nores_outputs\20260617_224555
20260618_144802,7,72.63,76.758,68.53,8.228,1,0,0,failure_case_exact_difference,0,C:\Users\c2466\Desktop\task_monitor\batch_real_nores_outputs\20260618_144802\comparison_gantt.png,C:\Users\c2466\Desktop\task_monitor\batch_real_nores_outputs\20260618_144802
20260618_145303,7,72.63,91.724,88.36,3.364,1,0,0,failure_case_exact_difference,0,C:\Users\c2466\Desktop\task_monitor\batch_real_nores_outputs\20260618_145303\comparison_gantt.png,C:\Users\c2466\Desktop\task_monitor\batch_real_nores_outputs\20260618_145303
20260618_155540,7,72.63,81.8378,79.75,2.0878,1,0,0,failure_case_exact_difference,0,C:\Users\c2466\Desktop\task_monitor\batch_real_nores_outputs\20260618_155540\comparison_gantt.png,C:\Users\c2466\Desktop\task_monitor\batch_real_nores_outputs\20260618_155540
20260618_174248,7,72.63,82.9138,81.6,1.3138,1,0,0,failure_case_exact_difference,0,C:\Users\c2466\Desktop\task_monitor\batch_real_nores_outputs\20260618_174248\comparison_gantt.png,C:\Users\c2466\Desktop\task_monitor\batch_real_nores_outputs\20260618_174248
20260621_173643,7,72.63,73.9478,67.6,6.3478,1,0,0,failure_case_exact_difference,0,C:\Users\c2466\Desktop\task_monitor\batch_real_nores_outputs\20260621_173643\comparison_gantt.png,C:\Users\c2466\Desktop\task_monitor\batch_real_nores_outputs\20260621_173643
20260621_213147,7,72.63,71.93,72.59,-0.66,0,1,0,failure_case_exact_difference,0,C:\Users\c2466\Desktop\task_monitor\batch_real_nores_outputs\20260621_213147\comparison_gantt.png,C:\Users\c2466\Desktop\task_monitor\batch_real_nores_outputs\20260621_213147
20260621_214416,7,72.63,80.7778,81.42,-0.6422,0,1,0,failure_case_exact_difference,0,C:\Users\c2466\Desktop\task_monitor\batch_real_nores_outputs\20260621_214416\comparison_gantt.png,C:\Users\c2466\Desktop\task_monitor\batch_real_nores_outputs\20260621_214416
20260617_221608,8,72.63,82.8438,86.18,-3.3362,0,1,0,failure_case_exact_difference,0,C:\Users\c2466\Desktop\task_monitor\batch_real_nores_outputs\20260617_221608\comparison_gantt.png,C:\Users\c2466\Desktop\task_monitor\batch_real_nores_outputs\20260617_221608
20260617_230214,8,72.63,74.344,72.09,2.254,1,0,0,failure_case_exact_difference,0,C:\Users\c2466\Desktop\task_monitor\batch_real_nores_outputs\20260617_230214\comparison_gantt.png,C:\Users\c2466\Desktop\task_monitor\batch_real_nores_outputs\20260617_230214
20260618_183455,8,72.63,87.0978,84.13,2.9678,1,0,0,failure_case_exact_difference,0,C:\Users\c2466\Desktop\task_monitor\batch_real_nores_outputs\20260618_183455\comparison_gantt.png,C:\Users\c2466\Desktop\task_monitor\batch_real_nores_outputs\20260618_183455
20260621_220936,8,72.63,93.47,96.74,-3.27,0,1,0,failure_case_exact_difference,0,C:\Users\c2466\Desktop\task_monitor\batch_real_nores_outputs\20260621_220936\comparison_gantt.png,C:\Users\c2466\Desktop\task_monitor\batch_real_nores_outputs\20260621_220936
20260616_163957,9,72.63,80.484,73.74,6.744,1,0,0,failure_case_exact_difference,0,C:\Users\c2466\Desktop\task_monitor\batch_real_nores_outputs\20260616_163957\comparison_gantt.png,C:\Users\c2466\Desktop\task_monitor\batch_real_nores_outputs\20260616_163957
20260618_154903,9,72.63,89.5478,90.7,-1.1522,0,1,0,failure_case_exact_difference,0,C:\Users\c2466\Desktop\task_monitor\batch_real_nores_outputs\20260618_154903\comparison_gantt.png,C:\Users\c2466\Desktop\task_monitor\batch_real_nores_outputs\20260618_154903
20260616_165213,10,72.63,80.2638,74.18,6.0838,1,0,0,failure_case_exact_difference,0,C:\Users\c2466\Desktop\task_monitor\batch_real_nores_outputs\20260616_165213\comparison_gantt.png,C:\Users\c2466\Desktop\task_monitor\batch_real_nores_outputs\20260616_165213
20260617_163225,10,72.63,84.3138,84.27,0.0438,1,0,0,failure_case_exact_difference,0,C:\Users\c2466\Desktop\task_monitor\batch_real_nores_outputs\20260617_163225\comparison_gantt.png,C:\Users\c2466\Desktop\task_monitor\batch_real_nores_outputs\20260617_163225
20260617_221043,10,72.63,85.9892,85.88,0.1092,1,0,0,failure_case_exact_difference,0,C:\Users\c2466\Desktop\task_monitor\batch_real_nores_outputs\20260617_221043\comparison_gantt.png,C:\Users\c2466\Desktop\task_monitor\batch_real_nores_outputs\20260617_221043
20260621_174800,10,72.63,78.45,79.2,-0.75,0,1,0,failure_case_exact_difference,0,C:\Users\c2466\Desktop\task_monitor\batch_real_nores_outputs\20260621_174800\comparison_gantt.png,C:\Users\c2466\Desktop\task_monitor\batch_real_nores_outputs\20260621_174800
20260621_220456,10,72.63,81.25,82.63,-1.38,0,1,0,failure_case_exact_difference,0,C:\Users\c2466\Desktop\task_monitor\batch_real_nores_outputs\20260621_220456\comparison_gantt.png,C:\Users\c2466\Desktop\task_monitor\batch_real_nores_outputs\20260621_220456
20260617_162610,11,72.63,95.5216,84.35,11.1716,1,0,0,failure_case_exact_difference,0,C:\Users\c2466\Desktop\task_monitor\batch_real_nores_outputs\20260617_162610\comparison_gantt.png,C:\Users\c2466\Desktop\task_monitor\batch_real_nores_outputs\20260617_162610
20260617_223549,11,72.63,101.81,104.45,-2.64,0,1,0,failure_case_exact_difference,0,C:\Users\c2466\Desktop\task_monitor\batch_real_nores_outputs\20260617_223549\comparison_gantt.png,C:\Users\c2466\Desktop\task_monitor\batch_real_nores_outputs\20260617_223549
20260617_225121,11,72.63,82.45,84.02,-1.57,0,1,0,failure_case_exact_difference,0,C:\Users\c2466\Desktop\task_monitor\batch_real_nores_outputs\20260617_225121\comparison_gantt.png,C:\Users\c2466\Desktop\task_monitor\batch_real_nores_outputs\20260617_225121
20260618_150321,11,72.63,101.0378,99.62,1.4178,1,0,0,failure_case_exact_difference,0,C:\Users\c2466\Desktop\task_monitor\batch_real_nores_outputs\20260618_150321\comparison_gantt.png,C:\Users\c2466\Desktop\task_monitor\batch_real_nores_outputs\20260618_150321
20260618_153051,11,72.63,105.381,97.04,8.341,1,0,0,failure_case_exact_difference,0,C:\Users\c2466\Desktop\task_monitor\batch_real_nores_outputs\20260618_153051\comparison_gantt.png,C:\Users\c2466\Desktop\task_monitor\batch_real_nores_outputs\20260618_153051
20260618_171939,12,72.63,99.8576,98.95,0.9076,1,0,0,failure_case_exact_difference,0,C:\Users\c2466\Desktop\task_monitor\batch_real_nores_outputs\20260618_171939\comparison_gantt.png,C:\Users\c2466\Desktop\task_monitor\batch_real_nores_outputs\20260618_171939
20260618_172550,13,72.63,105.094,102.61,2.484,1,0,0,failure_case_exact_difference,0,C:\Users\c2466\Desktop\task_monitor\batch_real_nores_outputs\20260618_172550\comparison_gantt.png,C:\Users\c2466\Desktop\task_monitor\batch_real_nores_outputs\20260618_172550
20260621_180040,13,72.63,94.09,95.25,-1.16,0,1,0,failure_case_exact_difference,0,C:\Users\c2466\Desktop\task_monitor\batch_real_nores_outputs\20260621_180040\comparison_gantt.png,C:\Users\c2466\Desktop\task_monitor\batch_real_nores_outputs\20260621_180040
20260617_161127,15,72.63,97.3576,92.22,5.1376,1,0,0,failure_case_exact_difference,0,C:\Users\c2466\Desktop\task_monitor\batch_real_nores_outputs\20260617_161127\comparison_gantt.png,C:\Users\c2466\Desktop\task_monitor\batch_real_nores_outputs\20260617_161127
20260618_173434,17,72.63,103.884,100.89,2.994,1,0,0,failure_case_exact_difference,0,C:\Users\c2466\Desktop\task_monitor\batch_real_nores_outputs\20260618_173434\comparison_gantt.png,C:\Users\c2466\Desktop\task_monitor\batch_real_nores_outputs\20260618_173434
20260617_214847,20,72.63,102.718,92.43,10.288,1,0,0,failure_case_exact_difference,0,C:\Users\c2466\Desktop\task_monitor\batch_real_nores_outputs\20260617_214847\comparison_gantt.png,C:\Users\c2466\Desktop\task_monitor\batch_real_nores_outputs\20260617_214847
20260617_222235,20,72.63,143.898,138.37,5.528,1,0,0,failure_case_exact_difference,0,C:\Users\c2466\Desktop\task_monitor\batch_real_nores_outputs\20260617_222235\comparison_gantt.png,C:\Users\c2466\Desktop\task_monitor\batch_real_nores_outputs\20260617_222235
20260617_215539,26,72.63,145.2664,148.17,-2.9036,0,1,0,failure_case_exact_difference,0,C:\Users\c2466\Desktop\task_monitor\batch_real_nores_outputs\20260617_215539\comparison_gantt.png,C:\Users\c2466\Desktop\task_monitor\batch_real_nores_outputs\20260617_215539
20260617_220342,27,72.63,169.9192,166.98,2.9392,1,0,0,failure_case_exact_difference,0,C:\Users\c2466\Desktop\task_monitor\batch_real_nores_outputs\20260617_220342\comparison_gantt.png,C:\Users\c2466\Desktop\task_monitor\batch_real_nores_outputs\20260617_220342
