case_id,status,error,num_events,offline_makespan,initial_offline_best_cost,initial_real_nores_baseline_makespan,final_nores_makespan,final_dynamic_makespan,final_nores_minus_dynamic,events_csv,gantt_txt,output_dir,summary_csv,comparison_gantt_data,event_delay_report,final_comparison_png
20260616_163957,ok,,9,72.63,72.63,72.59,80.484,73.74,6.744,C:\Users\c2466\Desktop\task_monitor\data\dynamic_events_20260616_163957.csv,C:\Users\c2466\Desktop\task_monitor\data\gantt_data_20260616_163957.txt,C:\Users\c2466\Desktop\task_monitor\batch_real_nores_outputs\20260616_163957,C:\Users\c2466\Desktop\task_monitor\batch_real_nores_outputs\20260616_163957\real_nores_summary.csv,C:\Users\c2466\Desktop\task_monitor\batch_real_nores_outputs\20260616_163957\comparison_gantt_data.txt,C:\Users\c2466\Desktop\task_monitor\batch_real_nores_outputs\20260616_163957\real_event_delay_report.csv,C:\Users\c2466\Desktop\task_monitor\batch_real_nores_outputs\20260616_163957\comparison_gantt.png
20260616_165213,ok,,10,72.63,72.63,72.59,80.2638,74.18,6.0837999999999965,C:\Users\c2466\Desktop\task_monitor\data\dynamic_events_20260616_165213.csv,C:\Users\c2466\Desktop\task_monitor\data\gantt_data_20260616_165213.txt,C:\Users\c2466\Desktop\task_monitor\batch_real_nores_outputs\20260616_165213,C:\Users\c2466\Desktop\task_monitor\batch_real_nores_outputs\20260616_165213\real_nores_summary.csv,C:\Users\c2466\Desktop\task_monitor\batch_real_nores_outputs\20260616_165213\comparison_gantt_data.txt,C:\Users\c2466\Desktop\task_monitor\batch_real_nores_outputs\20260616_165213\real_event_delay_report.csv,C:\Users\c2466\Desktop\task_monitor\batch_real_nores_outputs\20260616_165213\comparison_gantt.png
20260617_161127,ok,,15,72.63,72.63,72.59,97.35760000000002,92.22,5.13760000000002,C:\Users\c2466\Desktop\task_monitor\data\dynamic_events_20260617_161127.csv,C:\Users\c2466\Desktop\task_monitor\data\gantt_data_20260617_161127.txt,C:\Users\c2466\Desktop\task_monitor\batch_real_nores_outputs\20260617_161127,C:\Users\c2466\Desktop\task_monitor\batch_real_nores_outputs\20260617_161127\real_nores_summary.csv,C:\Users\c2466\Desktop\task_monitor\batch_real_nores_outputs\20260617_161127\comparison_gantt_data.txt,C:\Users\c2466\Desktop\task_monitor\batch_real_nores_outputs\20260617_161127\real_event_delay_report.csv,C:\Users\c2466\Desktop\task_monitor\batch_real_nores_outputs\20260617_161127\comparison_gantt.png
20260617_161833,ok,,4,72.63,72.63,72.59,75.59379999999999,75.59,0.0037999999999840384,C:\Users\c2466\Desktop\task_monitor\data\dynamic_events_20260617_161833.csv,C:\Users\c2466\Desktop\task_monitor\data\gantt_data_20260617_161833.txt,C:\Users\c2466\Desktop\task_monitor\batch_real_nores_outputs\20260617_161833,C:\Users\c2466\Desktop\task_monitor\batch_real_nores_outputs\20260617_161833\real_nores_summary.csv,C:\Users\c2466\Desktop\task_monitor\batch_real_nores_outputs\20260617_161833\comparison_gantt_data.txt,C:\Users\c2466\Desktop\task_monitor\batch_real_nores_outputs\20260617_161833\real_event_delay_report.csv,C:\Users\c2466\Desktop\task_monitor\batch_real_nores_outputs\20260617_161833\comparison_gantt.png
20260617_162610,ok,,11,72.63,72.63,72.59,95.52159999999998,84.35,11.171599999999984,C:\Users\c2466\Desktop\task_monitor\data\dynamic_events_20260617_162610.csv,C:\Users\c2466\Desktop\task_monitor\data\gantt_data_20260617_162610.txt,C:\Users\c2466\Desktop\task_monitor\batch_real_nores_outputs\20260617_162610,C:\Users\c2466\Desktop\task_monitor\batch_real_nores_outputs\20260617_162610\real_nores_summary.csv,C:\Users\c2466\Desktop\task_monitor\batch_real_nores_outputs\20260617_162610\comparison_gantt_data.txt,C:\Users\c2466\Desktop\task_monitor\batch_real_nores_outputs\20260617_162610\real_event_delay_report.csv,C:\Users\c2466\Desktop\task_monitor\batch_real_nores_outputs\20260617_162610\comparison_gantt.png
20260617_163225,ok,,10,72.63,72.63,72.59,84.31380000000001,84.27,0.04380000000001871,C:\Users\c2466\Desktop\task_monitor\data\dynamic_events_20260617_163225.csv,C:\Users\c2466\Desktop\task_monitor\data\gantt_data_20260617_163225.txt,C:\Users\c2466\Desktop\task_monitor\batch_real_nores_outputs\20260617_163225,C:\Users\c2466\Desktop\task_monitor\batch_real_nores_outputs\20260617_163225\real_nores_summary.csv,C:\Users\c2466\Desktop\task_monitor\batch_real_nores_outputs\20260617_163225\comparison_gantt_data.txt,C:\Users\c2466\Desktop\task_monitor\batch_real_nores_outputs\20260617_163225\real_event_delay_report.csv,C:\Users\c2466\Desktop\task_monitor\batch_real_nores_outputs\20260617_163225\comparison_gantt.png
20260617_163852,ok,,7,72.63,72.63,72.59,79.28779999999999,86.08,-6.792200000000008,C:\Users\c2466\Desktop\task_monitor\data\dynamic_events_20260617_163852.csv,C:\Users\c2466\Desktop\task_monitor\data\gantt_data_20260617_163852.txt,C:\Users\c2466\Desktop\task_monitor\batch_real_nores_outputs\20260617_163852,C:\Users\c2466\Desktop\task_monitor\batch_real_nores_outputs\20260617_163852\real_nores_summary.csv,C:\Users\c2466\Desktop\task_monitor\batch_real_nores_outputs\20260617_163852\comparison_gantt_data.txt,C:\Users\c2466\Desktop\task_monitor\batch_real_nores_outputs\20260617_163852\real_event_delay_report.csv,C:\Users\c2466\Desktop\task_monitor\batch_real_nores_outputs\20260617_163852\comparison_gantt.png
20260617_164554,ok,,4,72.63,72.63,72.59,69.86999999999999,68.82,1.0499999999999972,C:\Users\c2466\Desktop\task_monitor\data\dynamic_events_20260617_164554.csv,C:\Users\c2466\Desktop\task_monitor\data\gantt_data_20260617_164554.txt,C:\Users\c2466\Desktop\task_monitor\batch_real_nores_outputs\20260617_164554,C:\Users\c2466\Desktop\task_monitor\batch_real_nores_outputs\20260617_164554\real_nores_summary.csv,C:\Users\c2466\Desktop\task_monitor\batch_real_nores_outputs\20260617_164554\comparison_gantt_data.txt,C:\Users\c2466\Desktop\task_monitor\batch_real_nores_outputs\20260617_164554\real_event_delay_report.csv,C:\Users\c2466\Desktop\task_monitor\batch_real_nores_outputs\20260617_164554\comparison_gantt.png
20260617_165310,ok,,3,72.63,72.63,72.59,67.98,66.1,1.8800000000000097,C:\Users\c2466\Desktop\task_monitor\data\dynamic_events_20260617_165310.csv,C:\Users\c2466\Desktop\task_monitor\data\gantt_data_20260617_165310.txt,C:\Users\c2466\Desktop\task_monitor\batch_real_nores_outputs\20260617_165310,C:\Users\c2466\Desktop\task_monitor\batch_real_nores_outputs\20260617_165310\real_nores_summary.csv,C:\Users\c2466\Desktop\task_monitor\batch_real_nores_outputs\20260617_165310\comparison_gantt_data.txt,C:\Users\c2466\Desktop\task_monitor\batch_real_nores_outputs\20260617_165310\real_event_delay_report.csv,C:\Users\c2466\Desktop\task_monitor\batch_real_nores_outputs\20260617_165310\comparison_gantt.png
20260617_170056,ok,,2,72.63,72.63,72.59,67.89,66.65,1.2399999999999949,C:\Users\c2466\Desktop\task_monitor\data\dynamic_events_20260617_170056.csv,C:\Users\c2466\Desktop\task_monitor\data\gantt_data_20260617_170056.txt,C:\Users\c2466\Desktop\task_monitor\batch_real_nores_outputs\20260617_170056,C:\Users\c2466\Desktop\task_monitor\batch_real_nores_outputs\20260617_170056\real_nores_summary.csv,C:\Users\c2466\Desktop\task_monitor\batch_real_nores_outputs\20260617_170056\comparison_gantt_data.txt,C:\Users\c2466\Desktop\task_monitor\batch_real_nores_outputs\20260617_170056\real_event_delay_report.csv,C:\Users\c2466\Desktop\task_monitor\batch_real_nores_outputs\20260617_170056\comparison_gantt.png
20260617_170735,ok,,5,72.63,72.63,72.59,71.28399999999999,69.68,1.603999999999985,C:\Users\c2466\Desktop\task_monitor\data\dynamic_events_20260617_170735.csv,C:\Users\c2466\Desktop\task_monitor\data\gantt_data_20260617_170735.txt,C:\Users\c2466\Desktop\task_monitor\batch_real_nores_outputs\20260617_170735,C:\Users\c2466\Desktop\task_monitor\batch_real_nores_outputs\20260617_170735\real_nores_summary.csv,C:\Users\c2466\Desktop\task_monitor\batch_real_nores_outputs\20260617_170735\comparison_gantt_data.txt,C:\Users\c2466\Desktop\task_monitor\batch_real_nores_outputs\20260617_170735\real_event_delay_report.csv,C:\Users\c2466\Desktop\task_monitor\batch_real_nores_outputs\20260617_170735\comparison_gantt.png
20260617_214847,ok,,20,72.63,72.63,72.59,102.71799999999999,92.43,10.287999999999982,C:\Users\c2466\Desktop\task_monitor\data\dynamic_events_20260617_214847.csv,C:\Users\c2466\Desktop\task_monitor\data\gantt_data_20260617_214847.txt,C:\Users\c2466\Desktop\task_monitor\batch_real_nores_outputs\20260617_214847,C:\Users\c2466\Desktop\task_monitor\batch_real_nores_outputs\20260617_214847\real_nores_summary.csv,C:\Users\c2466\Desktop\task_monitor\batch_real_nores_outputs\20260617_214847\comparison_gantt_data.txt,C:\Users\c2466\Desktop\task_monitor\batch_real_nores_outputs\20260617_214847\real_event_delay_report.csv,C:\Users\c2466\Desktop\task_monitor\batch_real_nores_outputs\20260617_214847\comparison_gantt.png
20260617_215539,ok,,26,72.63,72.63,72.59,145.26639999999998,148.17,-2.9036000000000115,C:\Users\c2466\Desktop\task_monitor\data\dynamic_events_20260617_215539.csv,C:\Users\c2466\Desktop\task_monitor\data\gantt_data_20260617_215539.txt,C:\Users\c2466\Desktop\task_monitor\batch_real_nores_outputs\20260617_215539,C:\Users\c2466\Desktop\task_monitor\batch_real_nores_outputs\20260617_215539\real_nores_summary.csv,C:\Users\c2466\Desktop\task_monitor\batch_real_nores_outputs\20260617_215539\comparison_gantt_data.txt,C:\Users\c2466\Desktop\task_monitor\batch_real_nores_outputs\20260617_215539\real_event_delay_report.csv,C:\Users\c2466\Desktop\task_monitor\batch_real_nores_outputs\20260617_215539\comparison_gantt.png
20260617_220342,ok,,27,72.63,72.63,72.59,169.91920000000002,166.98,2.939200000000028,C:\Users\c2466\Desktop\task_monitor\data\dynamic_events_20260617_220342.csv,C:\Users\c2466\Desktop\task_monitor\data\gantt_data_20260617_220342.txt,C:\Users\c2466\Desktop\task_monitor\batch_real_nores_outputs\20260617_220342,C:\Users\c2466\Desktop\task_monitor\batch_real_nores_outputs\20260617_220342\real_nores_summary.csv,C:\Users\c2466\Desktop\task_monitor\batch_real_nores_outputs\20260617_220342\comparison_gantt_data.txt,C:\Users\c2466\Desktop\task_monitor\batch_real_nores_outputs\20260617_220342\real_event_delay_report.csv,C:\Users\c2466\Desktop\task_monitor\batch_real_nores_outputs\20260617_220342\comparison_gantt.png
20260617_221043,ok,,10,72.63,72.63,72.59,85.98919999999998,85.88,0.10919999999998709,C:\Users\c2466\Desktop\task_monitor\data\dynamic_events_20260617_221043.csv,C:\Users\c2466\Desktop\task_monitor\data\gantt_data_20260617_221043.txt,C:\Users\c2466\Desktop\task_monitor\batch_real_nores_outputs\20260617_221043,C:\Users\c2466\Desktop\task_monitor\batch_real_nores_outputs\20260617_221043\real_nores_summary.csv,C:\Users\c2466\Desktop\task_monitor\batch_real_nores_outputs\20260617_221043\comparison_gantt_data.txt,C:\Users\c2466\Desktop\task_monitor\batch_real_nores_outputs\20260617_221043\real_event_delay_report.csv,C:\Users\c2466\Desktop\task_monitor\batch_real_nores_outputs\20260617_221043\comparison_gantt.png
20260617_221608,ok,,8,72.63,72.63,72.59,82.8438,86.18,-3.336200000000005,C:\Users\c2466\Desktop\task_monitor\data\dynamic_events_20260617_221608.csv,C:\Users\c2466\Desktop\task_monitor\data\gantt_data_20260617_221608.txt,C:\Users\c2466\Desktop\task_monitor\batch_real_nores_outputs\20260617_221608,C:\Users\c2466\Desktop\task_monitor\batch_real_nores_outputs\20260617_221608\real_nores_summary.csv,C:\Users\c2466\Desktop\task_monitor\batch_real_nores_outputs\20260617_221608\comparison_gantt_data.txt,C:\Users\c2466\Desktop\task_monitor\batch_real_nores_outputs\20260617_221608\real_event_delay_report.csv,C:\Users\c2466\Desktop\task_monitor\batch_real_nores_outputs\20260617_221608\comparison_gantt.png
20260617_222235,ok,,20,72.63,72.63,72.59,143.898,138.37,5.527999999999992,C:\Users\c2466\Desktop\task_monitor\data\dynamic_events_20260617_222235.csv,C:\Users\c2466\Desktop\task_monitor\data\gantt_data_20260617_222235.txt,C:\Users\c2466\Desktop\task_monitor\batch_real_nores_outputs\20260617_222235,C:\Users\c2466\Desktop\task_monitor\batch_real_nores_outputs\20260617_222235\real_nores_summary.csv,C:\Users\c2466\Desktop\task_monitor\batch_real_nores_outputs\20260617_222235\comparison_gantt_data.txt,C:\Users\c2466\Desktop\task_monitor\batch_real_nores_outputs\20260617_222235\real_event_delay_report.csv,C:\Users\c2466\Desktop\task_monitor\batch_real_nores_outputs\20260617_222235\comparison_gantt.png
20260617_223549,ok,,11,72.63,72.63,72.59,101.81,104.45,-2.6400000000000006,C:\Users\c2466\Desktop\task_monitor\data\dynamic_events_20260617_223549.csv,C:\Users\c2466\Desktop\task_monitor\data\gantt_data_20260617_223549.txt,C:\Users\c2466\Desktop\task_monitor\batch_real_nores_outputs\20260617_223549,C:\Users\c2466\Desktop\task_monitor\batch_real_nores_outputs\20260617_223549\real_nores_summary.csv,C:\Users\c2466\Desktop\task_monitor\batch_real_nores_outputs\20260617_223549\comparison_gantt_data.txt,C:\Users\c2466\Desktop\task_monitor\batch_real_nores_outputs\20260617_223549\real_event_delay_report.csv,C:\Users\c2466\Desktop\task_monitor\batch_real_nores_outputs\20260617_223549\comparison_gantt.png
20260617_224021,ok,,3,72.63,72.63,72.59,67.99,70.45,-2.460000000000008,C:\Users\c2466\Desktop\task_monitor\data\dynamic_events_20260617_224021.csv,C:\Users\c2466\Desktop\task_monitor\data\gantt_data_20260617_224021.txt,C:\Users\c2466\Desktop\task_monitor\batch_real_nores_outputs\20260617_224021,C:\Users\c2466\Desktop\task_monitor\batch_real_nores_outputs\20260617_224021\real_nores_summary.csv,C:\Users\c2466\Desktop\task_monitor\batch_real_nores_outputs\20260617_224021\comparison_gantt_data.txt,C:\Users\c2466\Desktop\task_monitor\batch_real_nores_outputs\20260617_224021\real_event_delay_report.csv,C:\Users\c2466\Desktop\task_monitor\batch_real_nores_outputs\20260617_224021\comparison_gantt.png
20260617_224555,ok,,7,72.63,72.63,72.59,81.4538,84.47,-3.0161999999999978,C:\Users\c2466\Desktop\task_monitor\data\dynamic_events_20260617_224555.csv,C:\Users\c2466\Desktop\task_monitor\data\gantt_data_20260617_224555.txt,C:\Users\c2466\Desktop\task_monitor\batch_real_nores_outputs\20260617_224555,C:\Users\c2466\Desktop\task_monitor\batch_real_nores_outputs\20260617_224555\real_nores_summary.csv,C:\Users\c2466\Desktop\task_monitor\batch_real_nores_outputs\20260617_224555\comparison_gantt_data.txt,C:\Users\c2466\Desktop\task_monitor\batch_real_nores_outputs\20260617_224555\real_event_delay_report.csv,C:\Users\c2466\Desktop\task_monitor\batch_real_nores_outputs\20260617_224555\comparison_gantt.png
20260617_225121,ok,,11,72.63,72.63,72.59,82.44999999999999,84.02,-1.5700000000000074,C:\Users\c2466\Desktop\task_monitor\data\dynamic_events_20260617_225121.csv,C:\Users\c2466\Desktop\task_monitor\data\gantt_data_20260617_225121.txt,C:\Users\c2466\Desktop\task_monitor\batch_real_nores_outputs\20260617_225121,C:\Users\c2466\Desktop\task_monitor\batch_real_nores_outputs\20260617_225121\real_nores_summary.csv,C:\Users\c2466\Desktop\task_monitor\batch_real_nores_outputs\20260617_225121\comparison_gantt_data.txt,C:\Users\c2466\Desktop\task_monitor\batch_real_nores_outputs\20260617_225121\real_event_delay_report.csv,C:\Users\c2466\Desktop\task_monitor\batch_real_nores_outputs\20260617_225121\comparison_gantt.png
20260617_225645,ok,,4,72.63,72.63,72.59,75.85379999999999,81.77,-5.9162000000000035,C:\Users\c2466\Desktop\task_monitor\data\dynamic_events_20260617_225645.csv,C:\Users\c2466\Desktop\task_monitor\data\gantt_data_20260617_225645.txt,C:\Users\c2466\Desktop\task_monitor\batch_real_nores_outputs\20260617_225645,C:\Users\c2466\Desktop\task_monitor\batch_real_nores_outputs\20260617_225645\real_nores_summary.csv,C:\Users\c2466\Desktop\task_monitor\batch_real_nores_outputs\20260617_225645\comparison_gantt_data.txt,C:\Users\c2466\Desktop\task_monitor\batch_real_nores_outputs\20260617_225645\real_event_delay_report.csv,C:\Users\c2466\Desktop\task_monitor\batch_real_nores_outputs\20260617_225645\comparison_gantt.png
20260617_230214,ok,,8,72.63,72.63,72.59,74.34399999999998,72.09,2.2539999999999765,C:\Users\c2466\Desktop\task_monitor\data\dynamic_events_20260617_230214.csv,C:\Users\c2466\Desktop\task_monitor\data\gantt_data_20260617_230214.txt,C:\Users\c2466\Desktop\task_monitor\batch_real_nores_outputs\20260617_230214,C:\Users\c2466\Desktop\task_monitor\batch_real_nores_outputs\20260617_230214\real_nores_summary.csv,C:\Users\c2466\Desktop\task_monitor\batch_real_nores_outputs\20260617_230214\comparison_gantt_data.txt,C:\Users\c2466\Desktop\task_monitor\batch_real_nores_outputs\20260617_230214\real_event_delay_report.csv,C:\Users\c2466\Desktop\task_monitor\batch_real_nores_outputs\20260617_230214\comparison_gantt.png
20260618_143804,ok,,4,72.63,72.63,72.59,68.04,66.23,1.8100000000000023,C:\Users\c2466\Desktop\task_monitor\data\dynamic_events_20260618_143804.csv,C:\Users\c2466\Desktop\task_monitor\data\gantt_data_20260618_143804.txt,C:\Users\c2466\Desktop\task_monitor\batch_real_nores_outputs\20260618_143804,C:\Users\c2466\Desktop\task_monitor\batch_real_nores_outputs\20260618_143804\real_nores_summary.csv,C:\Users\c2466\Desktop\task_monitor\batch_real_nores_outputs\20260618_143804\comparison_gantt_data.txt,C:\Users\c2466\Desktop\task_monitor\batch_real_nores_outputs\20260618_143804\real_event_delay_report.csv,C:\Users\c2466\Desktop\task_monitor\batch_real_nores_outputs\20260618_143804\comparison_gantt.png
20260618_144336,ok,,3,72.63,72.63,72.59,68.09,65.14,2.950000000000003,C:\Users\c2466\Desktop\task_monitor\data\dynamic_events_20260618_144336.csv,C:\Users\c2466\Desktop\task_monitor\data\gantt_data_20260618_144336.txt,C:\Users\c2466\Desktop\task_monitor\batch_real_nores_outputs\20260618_144336,C:\Users\c2466\Desktop\task_monitor\batch_real_nores_outputs\20260618_144336\real_nores_summary.csv,C:\Users\c2466\Desktop\task_monitor\batch_real_nores_outputs\20260618_144336\comparison_gantt_data.txt,C:\Users\c2466\Desktop\task_monitor\batch_real_nores_outputs\20260618_144336\real_event_delay_report.csv,C:\Users\c2466\Desktop\task_monitor\batch_real_nores_outputs\20260618_144336\comparison_gantt.png
20260618_144802,ok,,7,72.63,72.63,72.59,76.758,68.53,8.227999999999994,C:\Users\c2466\Desktop\task_monitor\data\dynamic_events_20260618_144802.csv,C:\Users\c2466\Desktop\task_monitor\data\gantt_data_20260618_144802.txt,C:\Users\c2466\Desktop\task_monitor\batch_real_nores_outputs\20260618_144802,C:\Users\c2466\Desktop\task_monitor\batch_real_nores_outputs\20260618_144802\real_nores_summary.csv,C:\Users\c2466\Desktop\task_monitor\batch_real_nores_outputs\20260618_144802\comparison_gantt_data.txt,C:\Users\c2466\Desktop\task_monitor\batch_real_nores_outputs\20260618_144802\real_event_delay_report.csv,C:\Users\c2466\Desktop\task_monitor\batch_real_nores_outputs\20260618_144802\comparison_gantt.png
20260618_145303,ok,,7,72.63,72.63,72.59,91.72399999999999,88.36,3.36399999999999,C:\Users\c2466\Desktop\task_monitor\data\dynamic_events_20260618_145303.csv,C:\Users\c2466\Desktop\task_monitor\data\gantt_data_20260618_145303.txt,C:\Users\c2466\Desktop\task_monitor\batch_real_nores_outputs\20260618_145303,C:\Users\c2466\Desktop\task_monitor\batch_real_nores_outputs\20260618_145303\real_nores_summary.csv,C:\Users\c2466\Desktop\task_monitor\batch_real_nores_outputs\20260618_145303\comparison_gantt_data.txt,C:\Users\c2466\Desktop\task_monitor\batch_real_nores_outputs\20260618_145303\real_event_delay_report.csv,C:\Users\c2466\Desktop\task_monitor\batch_real_nores_outputs\20260618_145303\comparison_gantt.png
20260618_145723,ok,,0,72.63,72.63,72.59,67.78,67.79,-0.010000000000005116,C:\Users\c2466\Desktop\task_monitor\data\dynamic_events_20260618_145723.csv,C:\Users\c2466\Desktop\task_monitor\data\gantt_data_20260618_145723.txt,C:\Users\c2466\Desktop\task_monitor\batch_real_nores_outputs\20260618_145723,C:\Users\c2466\Desktop\task_monitor\batch_real_nores_outputs\20260618_145723\real_nores_summary.csv,C:\Users\c2466\Desktop\task_monitor\batch_real_nores_outputs\20260618_145723\comparison_gantt_data.txt,C:\Users\c2466\Desktop\task_monitor\batch_real_nores_outputs\20260618_145723\real_event_delay_report.csv,C:\Users\c2466\Desktop\task_monitor\batch_real_nores_outputs\20260618_145723\comparison_gantt.png
20260618_150321,ok,,11,72.63,72.63,72.59,101.03780000000002,99.62,1.417800000000014,C:\Users\c2466\Desktop\task_monitor\data\dynamic_events_20260618_150321.csv,C:\Users\c2466\Desktop\task_monitor\data\gantt_data_20260618_150321.txt,C:\Users\c2466\Desktop\task_monitor\batch_real_nores_outputs\20260618_150321,C:\Users\c2466\Desktop\task_monitor\batch_real_nores_outputs\20260618_150321\real_nores_summary.csv,C:\Users\c2466\Desktop\task_monitor\batch_real_nores_outputs\20260618_150321\comparison_gantt_data.txt,C:\Users\c2466\Desktop\task_monitor\batch_real_nores_outputs\20260618_150321\real_event_delay_report.csv,C:\Users\c2466\Desktop\task_monitor\batch_real_nores_outputs\20260618_150321\comparison_gantt.png
20260618_150754,ok,,2,72.63,72.63,72.59,68.39,68.43,-0.04000000000000625,C:\Users\c2466\Desktop\task_monitor\data\dynamic_events_20260618_150754.csv,C:\Users\c2466\Desktop\task_monitor\data\gantt_data_20260618_150754.txt,C:\Users\c2466\Desktop\task_monitor\batch_real_nores_outputs\20260618_150754,C:\Users\c2466\Desktop\task_monitor\batch_real_nores_outputs\20260618_150754\real_nores_summary.csv,C:\Users\c2466\Desktop\task_monitor\batch_real_nores_outputs\20260618_150754\comparison_gantt_data.txt,C:\Users\c2466\Desktop\task_monitor\batch_real_nores_outputs\20260618_150754\real_event_delay_report.csv,C:\Users\c2466\Desktop\task_monitor\batch_real_nores_outputs\20260618_150754\comparison_gantt.png
20260618_151245,ok,,0,72.63,72.63,72.59,67.89,67.91,-0.01999999999999602,C:\Users\c2466\Desktop\task_monitor\data\dynamic_events_20260618_151245.csv,C:\Users\c2466\Desktop\task_monitor\data\gantt_data_20260618_151245.txt,C:\Users\c2466\Desktop\task_monitor\batch_real_nores_outputs\20260618_151245,C:\Users\c2466\Desktop\task_monitor\batch_real_nores_outputs\20260618_151245\real_nores_summary.csv,C:\Users\c2466\Desktop\task_monitor\batch_real_nores_outputs\20260618_151245\comparison_gantt_data.txt,C:\Users\c2466\Desktop\task_monitor\batch_real_nores_outputs\20260618_151245\real_event_delay_report.csv,C:\Users\c2466\Desktop\task_monitor\batch_real_nores_outputs\20260618_151245\comparison_gantt.png
20260618_153051,ok,,11,72.63,72.63,72.59,105.381,97.04,8.340999999999994,C:\Users\c2466\Desktop\task_monitor\data\dynamic_events_20260618_153051.csv,C:\Users\c2466\Desktop\task_monitor\data\gantt_data_20260618_153051.txt,C:\Users\c2466\Desktop\task_monitor\batch_real_nores_outputs\20260618_153051,C:\Users\c2466\Desktop\task_monitor\batch_real_nores_outputs\20260618_153051\real_nores_summary.csv,C:\Users\c2466\Desktop\task_monitor\batch_real_nores_outputs\20260618_153051\comparison_gantt_data.txt,C:\Users\c2466\Desktop\task_monitor\batch_real_nores_outputs\20260618_153051\real_event_delay_report.csv,C:\Users\c2466\Desktop\task_monitor\batch_real_nores_outputs\20260618_153051\comparison_gantt.png
20260618_153713,ok,,5,72.63,72.63,72.59,73.3,76.0,-2.700000000000003,C:\Users\c2466\Desktop\task_monitor\data\dynamic_events_20260618_153713.csv,C:\Users\c2466\Desktop\task_monitor\data\gantt_data_20260618_153713.txt,C:\Users\c2466\Desktop\task_monitor\batch_real_nores_outputs\20260618_153713,C:\Users\c2466\Desktop\task_monitor\batch_real_nores_outputs\20260618_153713\real_nores_summary.csv,C:\Users\c2466\Desktop\task_monitor\batch_real_nores_outputs\20260618_153713\comparison_gantt_data.txt,C:\Users\c2466\Desktop\task_monitor\batch_real_nores_outputs\20260618_153713\real_event_delay_report.csv,C:\Users\c2466\Desktop\task_monitor\batch_real_nores_outputs\20260618_153713\comparison_gantt.png
20260618_154903,ok,,9,72.63,72.63,72.59,89.54779999999998,90.7,-1.1522000000000219,C:\Users\c2466\Desktop\task_monitor\data\dynamic_events_20260618_154903.csv,C:\Users\c2466\Desktop\task_monitor\data\gantt_data_20260618_154903.txt,C:\Users\c2466\Desktop\task_monitor\batch_real_nores_outputs\20260618_154903,C:\Users\c2466\Desktop\task_monitor\batch_real_nores_outputs\20260618_154903\real_nores_summary.csv,C:\Users\c2466\Desktop\task_monitor\batch_real_nores_outputs\20260618_154903\comparison_gantt_data.txt,C:\Users\c2466\Desktop\task_monitor\batch_real_nores_outputs\20260618_154903\real_event_delay_report.csv,C:\Users\c2466\Desktop\task_monitor\batch_real_nores_outputs\20260618_154903\comparison_gantt.png
20260618_155540,ok,,7,72.63,72.63,72.59,81.83779999999999,79.75,2.087799999999987,C:\Users\c2466\Desktop\task_monitor\data\dynamic_events_20260618_155540.csv,C:\Users\c2466\Desktop\task_monitor\data\gantt_data_20260618_155540.txt,C:\Users\c2466\Desktop\task_monitor\batch_real_nores_outputs\20260618_155540,C:\Users\c2466\Desktop\task_monitor\batch_real_nores_outputs\20260618_155540\real_nores_summary.csv,C:\Users\c2466\Desktop\task_monitor\batch_real_nores_outputs\20260618_155540\comparison_gantt_data.txt,C:\Users\c2466\Desktop\task_monitor\batch_real_nores_outputs\20260618_155540\real_event_delay_report.csv,C:\Users\c2466\Desktop\task_monitor\batch_real_nores_outputs\20260618_155540\comparison_gantt.png
20260618_171939,ok,,12,72.63,72.63,72.59,99.85759999999999,98.95,0.907599999999988,C:\Users\c2466\Desktop\task_monitor\data\dynamic_events_20260618_171939.csv,C:\Users\c2466\Desktop\task_monitor\data\gantt_data_20260618_171939.txt,C:\Users\c2466\Desktop\task_monitor\batch_real_nores_outputs\20260618_171939,C:\Users\c2466\Desktop\task_monitor\batch_real_nores_outputs\20260618_171939\real_nores_summary.csv,C:\Users\c2466\Desktop\task_monitor\batch_real_nores_outputs\20260618_171939\comparison_gantt_data.txt,C:\Users\c2466\Desktop\task_monitor\batch_real_nores_outputs\20260618_171939\real_event_delay_report.csv,C:\Users\c2466\Desktop\task_monitor\batch_real_nores_outputs\20260618_171939\comparison_gantt.png
20260618_172550,ok,,13,72.63,72.63,72.59,105.094,102.61,2.4839999999999947,C:\Users\c2466\Desktop\task_monitor\data\dynamic_events_20260618_172550.csv,C:\Users\c2466\Desktop\task_monitor\data\gantt_data_20260618_172550.txt,C:\Users\c2466\Desktop\task_monitor\batch_real_nores_outputs\20260618_172550,C:\Users\c2466\Desktop\task_monitor\batch_real_nores_outputs\20260618_172550\real_nores_summary.csv,C:\Users\c2466\Desktop\task_monitor\batch_real_nores_outputs\20260618_172550\comparison_gantt_data.txt,C:\Users\c2466\Desktop\task_monitor\batch_real_nores_outputs\20260618_172550\real_event_delay_report.csv,C:\Users\c2466\Desktop\task_monitor\batch_real_nores_outputs\20260618_172550\comparison_gantt.png
20260618_173434,ok,,17,72.63,72.63,72.59,103.88399999999999,100.89,2.9939999999999856,C:\Users\c2466\Desktop\task_monitor\data\dynamic_events_20260618_173434.csv,C:\Users\c2466\Desktop\task_monitor\data\gantt_data_20260618_173434.txt,C:\Users\c2466\Desktop\task_monitor\batch_real_nores_outputs\20260618_173434,C:\Users\c2466\Desktop\task_monitor\batch_real_nores_outputs\20260618_173434\real_nores_summary.csv,C:\Users\c2466\Desktop\task_monitor\batch_real_nores_outputs\20260618_173434\comparison_gantt_data.txt,C:\Users\c2466\Desktop\task_monitor\batch_real_nores_outputs\20260618_173434\real_event_delay_report.csv,C:\Users\c2466\Desktop\task_monitor\batch_real_nores_outputs\20260618_173434\comparison_gantt.png
20260618_174248,ok,,7,72.63,72.63,72.59,82.91380000000001,81.6,1.3138000000000147,C:\Users\c2466\Desktop\task_monitor\data\dynamic_events_20260618_174248.csv,C:\Users\c2466\Desktop\task_monitor\data\gantt_data_20260618_174248.txt,C:\Users\c2466\Desktop\task_monitor\batch_real_nores_outputs\20260618_174248,C:\Users\c2466\Desktop\task_monitor\batch_real_nores_outputs\20260618_174248\real_nores_summary.csv,C:\Users\c2466\Desktop\task_monitor\batch_real_nores_outputs\20260618_174248\comparison_gantt_data.txt,C:\Users\c2466\Desktop\task_monitor\batch_real_nores_outputs\20260618_174248\real_event_delay_report.csv,C:\Users\c2466\Desktop\task_monitor\batch_real_nores_outputs\20260618_174248\comparison_gantt.png
20260618_175053,ok,,2,72.63,72.63,72.59,67.81,68.72,-0.9099999999999966,C:\Users\c2466\Desktop\task_monitor\data\dynamic_events_20260618_175053.csv,C:\Users\c2466\Desktop\task_monitor\data\gantt_data_20260618_175053.txt,C:\Users\c2466\Desktop\task_monitor\batch_real_nores_outputs\20260618_175053,C:\Users\c2466\Desktop\task_monitor\batch_real_nores_outputs\20260618_175053\real_nores_summary.csv,C:\Users\c2466\Desktop\task_monitor\batch_real_nores_outputs\20260618_175053\comparison_gantt_data.txt,C:\Users\c2466\Desktop\task_monitor\batch_real_nores_outputs\20260618_175053\real_event_delay_report.csv,C:\Users\c2466\Desktop\task_monitor\batch_real_nores_outputs\20260618_175053\comparison_gantt.png
20260618_175805,ok,,4,72.63,72.63,72.59,69.53,72.61,-3.0799999999999983,C:\Users\c2466\Desktop\task_monitor\data\dynamic_events_20260618_175805.csv,C:\Users\c2466\Desktop\task_monitor\data\gantt_data_20260618_175805.txt,C:\Users\c2466\Desktop\task_monitor\batch_real_nores_outputs\20260618_175805,C:\Users\c2466\Desktop\task_monitor\batch_real_nores_outputs\20260618_175805\real_nores_summary.csv,C:\Users\c2466\Desktop\task_monitor\batch_real_nores_outputs\20260618_175805\comparison_gantt_data.txt,C:\Users\c2466\Desktop\task_monitor\batch_real_nores_outputs\20260618_175805\real_event_delay_report.csv,C:\Users\c2466\Desktop\task_monitor\batch_real_nores_outputs\20260618_175805\comparison_gantt.png
20260618_180614,ok,,4,72.63,72.63,72.59,85.1592,81.6,3.559200000000004,C:\Users\c2466\Desktop\task_monitor\data\dynamic_events_20260618_180614.csv,C:\Users\c2466\Desktop\task_monitor\data\gantt_data_20260618_180614.txt,C:\Users\c2466\Desktop\task_monitor\batch_real_nores_outputs\20260618_180614,C:\Users\c2466\Desktop\task_monitor\batch_real_nores_outputs\20260618_180614\real_nores_summary.csv,C:\Users\c2466\Desktop\task_monitor\batch_real_nores_outputs\20260618_180614\comparison_gantt_data.txt,C:\Users\c2466\Desktop\task_monitor\batch_real_nores_outputs\20260618_180614\real_event_delay_report.csv,C:\Users\c2466\Desktop\task_monitor\batch_real_nores_outputs\20260618_180614\comparison_gantt.png
20260618_182135,ok,,2,72.63,72.63,72.59,68.3,69.1,-0.7999999999999972,C:\Users\c2466\Desktop\task_monitor\data\dynamic_events_20260618_182135.csv,C:\Users\c2466\Desktop\task_monitor\data\gantt_data_20260618_182135.txt,C:\Users\c2466\Desktop\task_monitor\batch_real_nores_outputs\20260618_182135,C:\Users\c2466\Desktop\task_monitor\batch_real_nores_outputs\20260618_182135\real_nores_summary.csv,C:\Users\c2466\Desktop\task_monitor\batch_real_nores_outputs\20260618_182135\comparison_gantt_data.txt,C:\Users\c2466\Desktop\task_monitor\batch_real_nores_outputs\20260618_182135\real_event_delay_report.csv,C:\Users\c2466\Desktop\task_monitor\batch_real_nores_outputs\20260618_182135\comparison_gantt.png
20260618_182902,ok,,5,72.63,72.63,72.59,86.94399999999999,81.43,5.513999999999982,C:\Users\c2466\Desktop\task_monitor\data\dynamic_events_20260618_182902.csv,C:\Users\c2466\Desktop\task_monitor\data\gantt_data_20260618_182902.txt,C:\Users\c2466\Desktop\task_monitor\batch_real_nores_outputs\20260618_182902,C:\Users\c2466\Desktop\task_monitor\batch_real_nores_outputs\20260618_182902\real_nores_summary.csv,C:\Users\c2466\Desktop\task_monitor\batch_real_nores_outputs\20260618_182902\comparison_gantt_data.txt,C:\Users\c2466\Desktop\task_monitor\batch_real_nores_outputs\20260618_182902\real_event_delay_report.csv,C:\Users\c2466\Desktop\task_monitor\batch_real_nores_outputs\20260618_182902\comparison_gantt.png
20260618_183455,ok,,8,72.63,72.63,72.59,87.0978,84.13,2.967800000000011,C:\Users\c2466\Desktop\task_monitor\data\dynamic_events_20260618_183455.csv,C:\Users\c2466\Desktop\task_monitor\data\gantt_data_20260618_183455.txt,C:\Users\c2466\Desktop\task_monitor\batch_real_nores_outputs\20260618_183455,C:\Users\c2466\Desktop\task_monitor\batch_real_nores_outputs\20260618_183455\real_nores_summary.csv,C:\Users\c2466\Desktop\task_monitor\batch_real_nores_outputs\20260618_183455\comparison_gantt_data.txt,C:\Users\c2466\Desktop\task_monitor\batch_real_nores_outputs\20260618_183455\real_event_delay_report.csv,C:\Users\c2466\Desktop\task_monitor\batch_real_nores_outputs\20260618_183455\comparison_gantt.png
20260621_170757,ok,,1,72.63,72.63,72.59,67.85,65.35,2.5,C:\Users\c2466\Desktop\task_monitor\data\dynamic_events_20260621_170757.csv,C:\Users\c2466\Desktop\task_monitor\data\gantt_data_20260621_170757.txt,C:\Users\c2466\Desktop\task_monitor\batch_real_nores_outputs\20260621_170757,C:\Users\c2466\Desktop\task_monitor\batch_real_nores_outputs\20260621_170757\real_nores_summary.csv,C:\Users\c2466\Desktop\task_monitor\batch_real_nores_outputs\20260621_170757\comparison_gantt_data.txt,C:\Users\c2466\Desktop\task_monitor\batch_real_nores_outputs\20260621_170757\real_event_delay_report.csv,C:\Users\c2466\Desktop\task_monitor\batch_real_nores_outputs\20260621_170757\comparison_gantt.png
20260621_171234,ok,,1,72.63,72.63,72.59,67.93,65.52,2.410000000000011,C:\Users\c2466\Desktop\task_monitor\data\dynamic_events_20260621_171234.csv,C:\Users\c2466\Desktop\task_monitor\data\gantt_data_20260621_171234.txt,C:\Users\c2466\Desktop\task_monitor\batch_real_nores_outputs\20260621_171234,C:\Users\c2466\Desktop\task_monitor\batch_real_nores_outputs\20260621_171234\real_nores_summary.csv,C:\Users\c2466\Desktop\task_monitor\batch_real_nores_outputs\20260621_171234\comparison_gantt_data.txt,C:\Users\c2466\Desktop\task_monitor\batch_real_nores_outputs\20260621_171234\real_event_delay_report.csv,C:\Users\c2466\Desktop\task_monitor\batch_real_nores_outputs\20260621_171234\comparison_gantt.png
20260621_171649,ok,,1,72.63,72.63,72.59,67.84,65.87,1.9699999999999989,C:\Users\c2466\Desktop\task_monitor\data\dynamic_events_20260621_171649.csv,C:\Users\c2466\Desktop\task_monitor\data\gantt_data_20260621_171649.txt,C:\Users\c2466\Desktop\task_monitor\batch_real_nores_outputs\20260621_171649,C:\Users\c2466\Desktop\task_monitor\batch_real_nores_outputs\20260621_171649\real_nores_summary.csv,C:\Users\c2466\Desktop\task_monitor\batch_real_nores_outputs\20260621_171649\comparison_gantt_data.txt,C:\Users\c2466\Desktop\task_monitor\batch_real_nores_outputs\20260621_171649\real_event_delay_report.csv,C:\Users\c2466\Desktop\task_monitor\batch_real_nores_outputs\20260621_171649\comparison_gantt.png
20260621_172052,ok,,0,72.63,72.63,72.59,67.72,67.72,0.0,C:\Users\c2466\Desktop\task_monitor\data\dynamic_events_20260621_172052.csv,C:\Users\c2466\Desktop\task_monitor\data\gantt_data_20260621_172052.txt,C:\Users\c2466\Desktop\task_monitor\batch_real_nores_outputs\20260621_172052,C:\Users\c2466\Desktop\task_monitor\batch_real_nores_outputs\20260621_172052\real_nores_summary.csv,C:\Users\c2466\Desktop\task_monitor\batch_real_nores_outputs\20260621_172052\comparison_gantt_data.txt,C:\Users\c2466\Desktop\task_monitor\batch_real_nores_outputs\20260621_172052\real_event_delay_report.csv,C:\Users\c2466\Desktop\task_monitor\batch_real_nores_outputs\20260621_172052\comparison_gantt.png
20260621_172604,ok,,1,72.63,72.63,72.59,67.71000000000001,63.7,4.010000000000005,C:\Users\c2466\Desktop\task_monitor\data\dynamic_events_20260621_172604.csv,C:\Users\c2466\Desktop\task_monitor\data\gantt_data_20260621_172604.txt,C:\Users\c2466\Desktop\task_monitor\batch_real_nores_outputs\20260621_172604,C:\Users\c2466\Desktop\task_monitor\batch_real_nores_outputs\20260621_172604\real_nores_summary.csv,C:\Users\c2466\Desktop\task_monitor\batch_real_nores_outputs\20260621_172604\comparison_gantt_data.txt,C:\Users\c2466\Desktop\task_monitor\batch_real_nores_outputs\20260621_172604\real_event_delay_report.csv,C:\Users\c2466\Desktop\task_monitor\batch_real_nores_outputs\20260621_172604\comparison_gantt.png
20260621_173643,ok,,7,72.63,72.63,72.59,73.94780000000002,67.6,6.347800000000021,C:\Users\c2466\Desktop\task_monitor\data\dynamic_events_20260621_173643.csv,C:\Users\c2466\Desktop\task_monitor\data\gantt_data_20260621_173643.txt,C:\Users\c2466\Desktop\task_monitor\batch_real_nores_outputs\20260621_173643,C:\Users\c2466\Desktop\task_monitor\batch_real_nores_outputs\20260621_173643\real_nores_summary.csv,C:\Users\c2466\Desktop\task_monitor\batch_real_nores_outputs\20260621_173643\comparison_gantt_data.txt,C:\Users\c2466\Desktop\task_monitor\batch_real_nores_outputs\20260621_173643\real_event_delay_report.csv,C:\Users\c2466\Desktop\task_monitor\batch_real_nores_outputs\20260621_173643\comparison_gantt.png
20260621_174256,ok,,2,72.63,72.63,72.59,72.9992,69.32,3.6792000000000087,C:\Users\c2466\Desktop\task_monitor\data\dynamic_events_20260621_174256.csv,C:\Users\c2466\Desktop\task_monitor\data\gantt_data_20260621_174256.txt,C:\Users\c2466\Desktop\task_monitor\batch_real_nores_outputs\20260621_174256,C:\Users\c2466\Desktop\task_monitor\batch_real_nores_outputs\20260621_174256\real_nores_summary.csv,C:\Users\c2466\Desktop\task_monitor\batch_real_nores_outputs\20260621_174256\comparison_gantt_data.txt,C:\Users\c2466\Desktop\task_monitor\batch_real_nores_outputs\20260621_174256\real_event_delay_report.csv,C:\Users\c2466\Desktop\task_monitor\batch_real_nores_outputs\20260621_174256\comparison_gantt.png
20260621_174800,ok,,10,72.63,72.63,72.59,78.45,79.2,-0.75,C:\Users\c2466\Desktop\task_monitor\data\dynamic_events_20260621_174800.csv,C:\Users\c2466\Desktop\task_monitor\data\gantt_data_20260621_174800.txt,C:\Users\c2466\Desktop\task_monitor\batch_real_nores_outputs\20260621_174800,C:\Users\c2466\Desktop\task_monitor\batch_real_nores_outputs\20260621_174800\real_nores_summary.csv,C:\Users\c2466\Desktop\task_monitor\batch_real_nores_outputs\20260621_174800\comparison_gantt_data.txt,C:\Users\c2466\Desktop\task_monitor\batch_real_nores_outputs\20260621_174800\real_event_delay_report.csv,C:\Users\c2466\Desktop\task_monitor\batch_real_nores_outputs\20260621_174800\comparison_gantt.png
20260621_175246,ok,,0,72.63,72.63,72.59,67.92,67.96,-0.03999999999999204,C:\Users\c2466\Desktop\task_monitor\data\dynamic_events_20260621_175246.csv,C:\Users\c2466\Desktop\task_monitor\data\gantt_data_20260621_175246.txt,C:\Users\c2466\Desktop\task_monitor\batch_real_nores_outputs\20260621_175246,C:\Users\c2466\Desktop\task_monitor\batch_real_nores_outputs\20260621_175246\real_nores_summary.csv,C:\Users\c2466\Desktop\task_monitor\batch_real_nores_outputs\20260621_175246\comparison_gantt_data.txt,C:\Users\c2466\Desktop\task_monitor\batch_real_nores_outputs\20260621_175246\real_event_delay_report.csv,C:\Users\c2466\Desktop\task_monitor\batch_real_nores_outputs\20260621_175246\comparison_gantt.png
20260621_180040,ok,,13,72.63,72.63,72.59,94.09000000000002,95.25,-1.1599999999999824,C:\Users\c2466\Desktop\task_monitor\data\dynamic_events_20260621_180040.csv,C:\Users\c2466\Desktop\task_monitor\data\gantt_data_20260621_180040.txt,C:\Users\c2466\Desktop\task_monitor\batch_real_nores_outputs\20260621_180040,C:\Users\c2466\Desktop\task_monitor\batch_real_nores_outputs\20260621_180040\real_nores_summary.csv,C:\Users\c2466\Desktop\task_monitor\batch_real_nores_outputs\20260621_180040\comparison_gantt_data.txt,C:\Users\c2466\Desktop\task_monitor\batch_real_nores_outputs\20260621_180040\real_event_delay_report.csv,C:\Users\c2466\Desktop\task_monitor\batch_real_nores_outputs\20260621_180040\comparison_gantt.png
20260621_183301,ok,,5,72.63,72.63,72.59,81.63780000000001,80.65,0.9878000000000071,C:\Users\c2466\Desktop\task_monitor\data\dynamic_events_20260621_183301.csv,C:\Users\c2466\Desktop\task_monitor\data\gantt_data_20260621_183301.txt,C:\Users\c2466\Desktop\task_monitor\batch_real_nores_outputs\20260621_183301,C:\Users\c2466\Desktop\task_monitor\batch_real_nores_outputs\20260621_183301\real_nores_summary.csv,C:\Users\c2466\Desktop\task_monitor\batch_real_nores_outputs\20260621_183301\comparison_gantt_data.txt,C:\Users\c2466\Desktop\task_monitor\batch_real_nores_outputs\20260621_183301\real_event_delay_report.csv,C:\Users\c2466\Desktop\task_monitor\batch_real_nores_outputs\20260621_183301\comparison_gantt.png
20260621_183749,ok,,4,72.63,72.63,72.59,70.4238,66.71,3.713800000000006,C:\Users\c2466\Desktop\task_monitor\data\dynamic_events_20260621_183749.csv,C:\Users\c2466\Desktop\task_monitor\data\gantt_data_20260621_183749.txt,C:\Users\c2466\Desktop\task_monitor\batch_real_nores_outputs\20260621_183749,C:\Users\c2466\Desktop\task_monitor\batch_real_nores_outputs\20260621_183749\real_nores_summary.csv,C:\Users\c2466\Desktop\task_monitor\batch_real_nores_outputs\20260621_183749\comparison_gantt_data.txt,C:\Users\c2466\Desktop\task_monitor\batch_real_nores_outputs\20260621_183749\real_event_delay_report.csv,C:\Users\c2466\Desktop\task_monitor\batch_real_nores_outputs\20260621_183749\comparison_gantt.png
20260621_184824,ok,,2,72.63,72.63,72.59,68.07,63.33,4.739999999999995,C:\Users\c2466\Desktop\task_monitor\data\dynamic_events_20260621_184824.csv,C:\Users\c2466\Desktop\task_monitor\data\gantt_data_20260621_184824.txt,C:\Users\c2466\Desktop\task_monitor\batch_real_nores_outputs\20260621_184824,C:\Users\c2466\Desktop\task_monitor\batch_real_nores_outputs\20260621_184824\real_nores_summary.csv,C:\Users\c2466\Desktop\task_monitor\batch_real_nores_outputs\20260621_184824\comparison_gantt_data.txt,C:\Users\c2466\Desktop\task_monitor\batch_real_nores_outputs\20260621_184824\real_event_delay_report.csv,C:\Users\c2466\Desktop\task_monitor\batch_real_nores_outputs\20260621_184824\comparison_gantt.png
20260621_185411,ok,,1,72.63,72.63,72.59,68.34,67.65,0.6899999999999977,C:\Users\c2466\Desktop\task_monitor\data\dynamic_events_20260621_185411.csv,C:\Users\c2466\Desktop\task_monitor\data\gantt_data_20260621_185411.txt,C:\Users\c2466\Desktop\task_monitor\batch_real_nores_outputs\20260621_185411,C:\Users\c2466\Desktop\task_monitor\batch_real_nores_outputs\20260621_185411\real_nores_summary.csv,C:\Users\c2466\Desktop\task_monitor\batch_real_nores_outputs\20260621_185411\comparison_gantt_data.txt,C:\Users\c2466\Desktop\task_monitor\batch_real_nores_outputs\20260621_185411\real_event_delay_report.csv,C:\Users\c2466\Desktop\task_monitor\batch_real_nores_outputs\20260621_185411\comparison_gantt.png
20260621_191117,ok,,4,72.63,72.63,72.59,78.4078,78.27,0.1377999999999986,C:\Users\c2466\Desktop\task_monitor\data\dynamic_events_20260621_191117.csv,C:\Users\c2466\Desktop\task_monitor\data\gantt_data_20260621_191117.txt,C:\Users\c2466\Desktop\task_monitor\batch_real_nores_outputs\20260621_191117,C:\Users\c2466\Desktop\task_monitor\batch_real_nores_outputs\20260621_191117\real_nores_summary.csv,C:\Users\c2466\Desktop\task_monitor\batch_real_nores_outputs\20260621_191117\comparison_gantt_data.txt,C:\Users\c2466\Desktop\task_monitor\batch_real_nores_outputs\20260621_191117\real_event_delay_report.csv,C:\Users\c2466\Desktop\task_monitor\batch_real_nores_outputs\20260621_191117\comparison_gantt.png
20260621_191926,ok,,2,72.63,72.63,72.59,71.26,70.47,0.7900000000000063,C:\Users\c2466\Desktop\task_monitor\data\dynamic_events_20260621_191926.csv,C:\Users\c2466\Desktop\task_monitor\data\gantt_data_20260621_191926.txt,C:\Users\c2466\Desktop\task_monitor\batch_real_nores_outputs\20260621_191926,C:\Users\c2466\Desktop\task_monitor\batch_real_nores_outputs\20260621_191926\real_nores_summary.csv,C:\Users\c2466\Desktop\task_monitor\batch_real_nores_outputs\20260621_191926\comparison_gantt_data.txt,C:\Users\c2466\Desktop\task_monitor\batch_real_nores_outputs\20260621_191926\real_event_delay_report.csv,C:\Users\c2466\Desktop\task_monitor\batch_real_nores_outputs\20260621_191926\comparison_gantt.png
20260621_192651,ok,,3,72.63,72.63,72.59,70.9592,65.61,5.349199999999996,C:\Users\c2466\Desktop\task_monitor\data\dynamic_events_20260621_192651.csv,C:\Users\c2466\Desktop\task_monitor\data\gantt_data_20260621_192651.txt,C:\Users\c2466\Desktop\task_monitor\batch_real_nores_outputs\20260621_192651,C:\Users\c2466\Desktop\task_monitor\batch_real_nores_outputs\20260621_192651\real_nores_summary.csv,C:\Users\c2466\Desktop\task_monitor\batch_real_nores_outputs\20260621_192651\comparison_gantt_data.txt,C:\Users\c2466\Desktop\task_monitor\batch_real_nores_outputs\20260621_192651\real_event_delay_report.csv,C:\Users\c2466\Desktop\task_monitor\batch_real_nores_outputs\20260621_192651\comparison_gantt.png
20260621_193120,ok,,0,72.63,72.63,72.59,68.39,68.42,-0.030000000000001137,C:\Users\c2466\Desktop\task_monitor\data\dynamic_events_20260621_193120.csv,C:\Users\c2466\Desktop\task_monitor\data\gantt_data_20260621_193120.txt,C:\Users\c2466\Desktop\task_monitor\batch_real_nores_outputs\20260621_193120,C:\Users\c2466\Desktop\task_monitor\batch_real_nores_outputs\20260621_193120\real_nores_summary.csv,C:\Users\c2466\Desktop\task_monitor\batch_real_nores_outputs\20260621_193120\comparison_gantt_data.txt,C:\Users\c2466\Desktop\task_monitor\batch_real_nores_outputs\20260621_193120\real_event_delay_report.csv,C:\Users\c2466\Desktop\task_monitor\batch_real_nores_outputs\20260621_193120\comparison_gantt.png
20260621_193635,ok,,4,72.63,72.63,72.59,70.07,70.58,-0.5100000000000051,C:\Users\c2466\Desktop\task_monitor\data\dynamic_events_20260621_193635.csv,C:\Users\c2466\Desktop\task_monitor\data\gantt_data_20260621_193635.txt,C:\Users\c2466\Desktop\task_monitor\batch_real_nores_outputs\20260621_193635,C:\Users\c2466\Desktop\task_monitor\batch_real_nores_outputs\20260621_193635\real_nores_summary.csv,C:\Users\c2466\Desktop\task_monitor\batch_real_nores_outputs\20260621_193635\comparison_gantt_data.txt,C:\Users\c2466\Desktop\task_monitor\batch_real_nores_outputs\20260621_193635\real_event_delay_report.csv,C:\Users\c2466\Desktop\task_monitor\batch_real_nores_outputs\20260621_193635\comparison_gantt.png
20260621_212643,ok,,1,72.63,72.63,72.59,67.85,66.56,1.289999999999992,C:\Users\c2466\Desktop\task_monitor\data\dynamic_events_20260621_212643.csv,C:\Users\c2466\Desktop\task_monitor\data\gantt_data_20260621_212643.txt,C:\Users\c2466\Desktop\task_monitor\batch_real_nores_outputs\20260621_212643,C:\Users\c2466\Desktop\task_monitor\batch_real_nores_outputs\20260621_212643\real_nores_summary.csv,C:\Users\c2466\Desktop\task_monitor\batch_real_nores_outputs\20260621_212643\comparison_gantt_data.txt,C:\Users\c2466\Desktop\task_monitor\batch_real_nores_outputs\20260621_212643\real_event_delay_report.csv,C:\Users\c2466\Desktop\task_monitor\batch_real_nores_outputs\20260621_212643\comparison_gantt.png
20260621_213147,ok,,7,72.63,72.63,72.59,71.92999999999999,72.59,-0.6600000000000108,C:\Users\c2466\Desktop\task_monitor\data\dynamic_events_20260621_213147.csv,C:\Users\c2466\Desktop\task_monitor\data\gantt_data_20260621_213147.txt,C:\Users\c2466\Desktop\task_monitor\batch_real_nores_outputs\20260621_213147,C:\Users\c2466\Desktop\task_monitor\batch_real_nores_outputs\20260621_213147\real_nores_summary.csv,C:\Users\c2466\Desktop\task_monitor\batch_real_nores_outputs\20260621_213147\comparison_gantt_data.txt,C:\Users\c2466\Desktop\task_monitor\batch_real_nores_outputs\20260621_213147\real_event_delay_report.csv,C:\Users\c2466\Desktop\task_monitor\batch_real_nores_outputs\20260621_213147\comparison_gantt.png
20260621_214416,ok,,7,72.63,72.63,72.59,80.7778,81.42,-0.6422000000000025,C:\Users\c2466\Desktop\task_monitor\data\dynamic_events_20260621_214416.csv,C:\Users\c2466\Desktop\task_monitor\data\gantt_data_20260621_214416.txt,C:\Users\c2466\Desktop\task_monitor\batch_real_nores_outputs\20260621_214416,C:\Users\c2466\Desktop\task_monitor\batch_real_nores_outputs\20260621_214416\real_nores_summary.csv,C:\Users\c2466\Desktop\task_monitor\batch_real_nores_outputs\20260621_214416\comparison_gantt_data.txt,C:\Users\c2466\Desktop\task_monitor\batch_real_nores_outputs\20260621_214416\real_event_delay_report.csv,C:\Users\c2466\Desktop\task_monitor\batch_real_nores_outputs\20260621_214416\comparison_gantt.png
20260621_214951,ok,,4,72.63,72.63,72.59,77.59,74.04,3.549999999999997,C:\Users\c2466\Desktop\task_monitor\data\dynamic_events_20260621_214951.csv,C:\Users\c2466\Desktop\task_monitor\data\gantt_data_20260621_214951.txt,C:\Users\c2466\Desktop\task_monitor\batch_real_nores_outputs\20260621_214951,C:\Users\c2466\Desktop\task_monitor\batch_real_nores_outputs\20260621_214951\real_nores_summary.csv,C:\Users\c2466\Desktop\task_monitor\batch_real_nores_outputs\20260621_214951\comparison_gantt_data.txt,C:\Users\c2466\Desktop\task_monitor\batch_real_nores_outputs\20260621_214951\real_event_delay_report.csv,C:\Users\c2466\Desktop\task_monitor\batch_real_nores_outputs\20260621_214951\comparison_gantt.png
20260621_220456,ok,,10,72.63,72.63,72.59,81.25,82.63,-1.3799999999999955,C:\Users\c2466\Desktop\task_monitor\data\dynamic_events_20260621_220456.csv,C:\Users\c2466\Desktop\task_monitor\data\gantt_data_20260621_220456.txt,C:\Users\c2466\Desktop\task_monitor\batch_real_nores_outputs\20260621_220456,C:\Users\c2466\Desktop\task_monitor\batch_real_nores_outputs\20260621_220456\real_nores_summary.csv,C:\Users\c2466\Desktop\task_monitor\batch_real_nores_outputs\20260621_220456\comparison_gantt_data.txt,C:\Users\c2466\Desktop\task_monitor\batch_real_nores_outputs\20260621_220456\real_event_delay_report.csv,C:\Users\c2466\Desktop\task_monitor\batch_real_nores_outputs\20260621_220456\comparison_gantt.png
20260621_220936,ok,,8,72.63,72.63,72.59,93.46999999999998,96.74,-3.2700000000000102,C:\Users\c2466\Desktop\task_monitor\data\dynamic_events_20260621_220936.csv,C:\Users\c2466\Desktop\task_monitor\data\gantt_data_20260621_220936.txt,C:\Users\c2466\Desktop\task_monitor\batch_real_nores_outputs\20260621_220936,C:\Users\c2466\Desktop\task_monitor\batch_real_nores_outputs\20260621_220936\real_nores_summary.csv,C:\Users\c2466\Desktop\task_monitor\batch_real_nores_outputs\20260621_220936\comparison_gantt_data.txt,C:\Users\c2466\Desktop\task_monitor\batch_real_nores_outputs\20260621_220936\real_event_delay_report.csv,C:\Users\c2466\Desktop\task_monitor\batch_real_nores_outputs\20260621_220936\comparison_gantt.png
20260621_221335,ok,,5,72.63,72.63,72.59,72.43000000000002,75.4,-2.9699999999999847,C:\Users\c2466\Desktop\task_monitor\data\dynamic_events_20260621_221335.csv,C:\Users\c2466\Desktop\task_monitor\data\gantt_data_20260621_221335.txt,C:\Users\c2466\Desktop\task_monitor\batch_real_nores_outputs\20260621_221335,C:\Users\c2466\Desktop\task_monitor\batch_real_nores_outputs\20260621_221335\real_nores_summary.csv,C:\Users\c2466\Desktop\task_monitor\batch_real_nores_outputs\20260621_221335\comparison_gantt_data.txt,C:\Users\c2466\Desktop\task_monitor\batch_real_nores_outputs\20260621_221335\real_event_delay_report.csv,C:\Users\c2466\Desktop\task_monitor\batch_real_nores_outputs\20260621_221335\comparison_gantt.png
20260621_221747,ok,,6,72.63,72.63,72.59,70.16,71.03,-0.8700000000000045,C:\Users\c2466\Desktop\task_monitor\data\dynamic_events_20260621_221747.csv,C:\Users\c2466\Desktop\task_monitor\data\gantt_data_20260621_221747.txt,C:\Users\c2466\Desktop\task_monitor\batch_real_nores_outputs\20260621_221747,C:\Users\c2466\Desktop\task_monitor\batch_real_nores_outputs\20260621_221747\real_nores_summary.csv,C:\Users\c2466\Desktop\task_monitor\batch_real_nores_outputs\20260621_221747\comparison_gantt_data.txt,C:\Users\c2466\Desktop\task_monitor\batch_real_nores_outputs\20260621_221747\real_event_delay_report.csv,C:\Users\c2466\Desktop\task_monitor\batch_real_nores_outputs\20260621_221747\comparison_gantt.png
20260621_222241,ok,,3,72.63,72.63,72.59,70.31,66.91,3.4000000000000057,C:\Users\c2466\Desktop\task_monitor\data\dynamic_events_20260621_222241.csv,C:\Users\c2466\Desktop\task_monitor\data\gantt_data_20260621_222241.txt,C:\Users\c2466\Desktop\task_monitor\batch_real_nores_outputs\20260621_222241,C:\Users\c2466\Desktop\task_monitor\batch_real_nores_outputs\20260621_222241\real_nores_summary.csv,C:\Users\c2466\Desktop\task_monitor\batch_real_nores_outputs\20260621_222241\comparison_gantt_data.txt,C:\Users\c2466\Desktop\task_monitor\batch_real_nores_outputs\20260621_222241\real_event_delay_report.csv,C:\Users\c2466\Desktop\task_monitor\batch_real_nores_outputs\20260621_222241\comparison_gantt.png
20260621_222707,ok,,1,72.63,72.63,72.59,68.34,68.64,-0.29999999999999716,C:\Users\c2466\Desktop\task_monitor\data\dynamic_events_20260621_222707.csv,C:\Users\c2466\Desktop\task_monitor\data\gantt_data_20260621_222707.txt,C:\Users\c2466\Desktop\task_monitor\batch_real_nores_outputs\20260621_222707,C:\Users\c2466\Desktop\task_monitor\batch_real_nores_outputs\20260621_222707\real_nores_summary.csv,C:\Users\c2466\Desktop\task_monitor\batch_real_nores_outputs\20260621_222707\comparison_gantt_data.txt,C:\Users\c2466\Desktop\task_monitor\batch_real_nores_outputs\20260621_222707\real_event_delay_report.csv,C:\Users\c2466\Desktop\task_monitor\batch_real_nores_outputs\20260621_222707\comparison_gantt.png
20260621_223136,ok,,6,72.63,72.63,72.59,82.39920000000001,82.38,0.019200000000012096,C:\Users\c2466\Desktop\task_monitor\data\dynamic_events_20260621_223136.csv,C:\Users\c2466\Desktop\task_monitor\data\gantt_data_20260621_223136.txt,C:\Users\c2466\Desktop\task_monitor\batch_real_nores_outputs\20260621_223136,C:\Users\c2466\Desktop\task_monitor\batch_real_nores_outputs\20260621_223136\real_nores_summary.csv,C:\Users\c2466\Desktop\task_monitor\batch_real_nores_outputs\20260621_223136\comparison_gantt_data.txt,C:\Users\c2466\Desktop\task_monitor\batch_real_nores_outputs\20260621_223136\real_event_delay_report.csv,C:\Users\c2466\Desktop\task_monitor\batch_real_nores_outputs\20260621_223136\comparison_gantt.png
20260621_223602,ok,,6,72.63,72.63,72.59,76.40399999999998,79.33,-2.926000000000016,C:\Users\c2466\Desktop\task_monitor\data\dynamic_events_20260621_223602.csv,C:\Users\c2466\Desktop\task_monitor\data\gantt_data_20260621_223602.txt,C:\Users\c2466\Desktop\task_monitor\batch_real_nores_outputs\20260621_223602,C:\Users\c2466\Desktop\task_monitor\batch_real_nores_outputs\20260621_223602\real_nores_summary.csv,C:\Users\c2466\Desktop\task_monitor\batch_real_nores_outputs\20260621_223602\comparison_gantt_data.txt,C:\Users\c2466\Desktop\task_monitor\batch_real_nores_outputs\20260621_223602\real_event_delay_report.csv,C:\Users\c2466\Desktop\task_monitor\batch_real_nores_outputs\20260621_223602\comparison_gantt.png
